FlexiSol Name,IUPAC Name,Solvents,SMILES,Value (log units),Ref.
+-alpha-pinene,"(1R,5R)-2,6,6-trimethylbicyclo[3.1.1]hept-2-ene","octanol,water",CC1=CC[C@@H]2C[C@H]1C2(C)C,4.44,10.1093/nar/gkab1062
1-deoxy-1—n6-lysino--d-fructose,"(2S)-2-amino-6-[[(2R,3S,4S,5R)-2,3,4-trihydroxy-5-(hydroxymethyl)oxolan-2-yl]methylamino]hexanoic acid","octanol,water",N[C@@H](CCCCNC[C@@]1(O)O[C@H](CO)[C@@H](O)[C@@H]1O)C(O)=O,-3.52,10.1093/nar/gkab1062
"1,3,5-tribromobenzene","1,3,5-tribromobenzene","octanol,water",BrC1=CC(Br)=CC(Br)=C1,4.51,10.1186/s12302-025-01072-2
"1,3,5-trinitrobenzene","1,3,5-trinitrobenzene","chloroform,water",C1=C(C=C(C=C1[N+](=O)[O-])[N+](=O)[O-])[N+](=O)[O-],2.06,10.1016/j.chemosphere.2016.07.028
"1,3,5-trinitrobenzene","1,3,5-trinitrobenzene","toluene,water",C1=C(C=C(C=C1[N+](=O)[O-])[N+](=O)[O-])[N+](=O)[O-],2.61,10.1016/j.chemosphere.2016.07.028
16b-hydroxystanozolol,"(1S,2S,10S,13R,14S,16S,17R,18S)-2,17,18-trimethyl-6,7-diazapentacyclo[11.7.0.02,10.04,8.014,18]icosa-4(8),5-diene-16,17-diol","octanol,water",[H][C@@]12C[C@H](O)[C@](C)(O)[C@@]1(C)CC[C@@]1([H])[C@@]2([H])CC[C@@]2([H])CC3=C(C[C@]12C)C=NN3,2.801,10.1093/nar/gkab1062
17a-ethinylestradiol,"(8R,9S,13S,14S,17R)-17-ethynyl-13-methyl-7,8,9,11,12,14,15,16-octahydro-6H-cyclopenta[a]phenanthrene-3,17-diol","octanol,water",[H][C@@]12CC[C@@](O)(C#C)[C@@]1(C)CC[C@]1([H])C3=C(CC[C@@]21[H])C=C(O)C=C3,3.67,10.1186/s12302-025-01072-2
"2,2,4,4,6,6-hexabromobiphenyl","1,3,5-tribromo-2-(2,4,6-tribromophenyl)benzene","octanol,water",C1=C(C=C(C(=C1Br)C2=C(C=C(C=C2Br)Br)Br)Br)Br,7.2,10.3390/liquids4010011
"2,2,4,5,5-pentabromobiphenyl","1,2,4-tribromo-5-(2,5-dibromophenyl)benzene","octanol,water",C1=CC(=C(C=C1Br)C2=CC(=C(C=C2Br)Br)Br)Br,7.1,10.3390/liquids4010011
"2,3,4,5,6-pentabromotoluene","1,2,3,4,5-pentabromo-6-methylbenzene","octanol,water",CC1=C(Br)C(Br)=C(Br)C(Br)=C1Br,5.43,10.1186/s12302-025-01072-2
"2,4,6-trinitrotoluene","2-methyl-1,3,5-trinitrobenzene","chloroform,water",CC1=C(C=C(C=C1[N+](=O)[O-])[N+](=O)[O-])[N+](=O)[O-],2.69,10.1016/j.chemosphere.2016.07.028
"2,4,6-trinitrotoluene","2-methyl-1,3,5-trinitrobenzene","toluene,water",CC1=C(C=C(C=C1[N+](=O)[O-])[N+](=O)[O-])[N+](=O)[O-],3.13,10.1016/j.chemosphere.2016.07.028
"3,3,5,5-tetrabromobisphenol-a","2,6-dibromo-4-[2-(3,5-dibromo-4-hydroxyphenyl)propan-2-yl]phenol","octanol,water",CC(C)(C1=CC(Br)=C(O)C(Br)=C1)C1=CC(Br)=C(O)C(Br)=C1,6.53,10.1186/s12302-025-01072-2
4-cumylphenyl-diphenyl-phosphate,"1,2-diphenylpropan-2-yl diphenyl phosphate","octanol,water",CC(CC1=CC=CC=C1)(C2=CC=CC=C2)OP(=O)(OC3=CC=CC=C3)OC4=CC=CC=C4,6.1,10.3390/liquids4010011
4-nitroanisole,1-methoxy-4-nitrobenzene,"chloroform,water",COC1=CC=C(C=C1)[N+](=O)[O-],3.09,10.1016/j.chemosphere.2016.07.028
4-nitroanisole,1-methoxy-4-nitrobenzene,"toluene,water",COC1=CC=C(C=C1)[N+](=O)[O-],2.64,10.1016/j.chemosphere.2016.07.028
"4,4-ddd","1-chloro-4-[2,2-dichloro-1-(4-chlorophenyl)ethyl]benzene","octanol,water",ClC(Cl)C(C1=CC=C(Cl)C=C1)C1=CC=C(Cl)C=C1,6.06,10.1186/s12302-025-01072-2
"4,4-dde","1-chloro-4-[2,2-dichloro-1-(4-chlorophenyl)ethenyl]benzene","octanol,water",ClC(Cl)=C(C1=CC=C(Cl)C=C1)C1=CC=C(Cl)C=C1,6.6,10.1186/s12302-025-01072-2
5-trans-pgf2alpha,"(E)-7-[(1R,2R,3R,5S)-3,5-dihydroxy-2-[(E,3S)-3-hydroxyoct-1-enyl]cyclopentyl]hept-5-enoic acid","octanol,water",CCCCC[C@H](O)\C=C\[C@H]1[C@H](O)C[C@H](O)[C@@H]1C\C=C\CCCC(O)=O,4.39,10.1093/nar/gkab1062
"5,9,11-trihydroxyprosta-6e,14z-dien-1-oate","[(1S,2S,6R,10S,11R,13S,14R,15R)-13-acetyloxy-1,6-dihydroxy-8-(hydroxymethyl)-4,12,12,15-tetramethyl-5-oxo-14-tetracyclo[8.5.0.02,6.011,13]pentadeca-3,8-dienyl] 2-(methylamino)benzoate","octanol,water",[H][C@]12[C@]3([H])C=C(CO)C[C@]4(O)C(=O)C(C)=C[C@@]4([H])[C@@]3(O)[C@]([H])(C)[C@@]([H])(OC(=O)C3=CC=CC=C3NC)[C@@]1(OC(C)=O)C2(C)C,2.78,10.1093/nar/gkab1062
acticin,"(3-phenoxyphenyl)methyl 3-(2,2-dichloroethenyl)-2,2-dimethylcyclopropane-1-carboxylate","octanol,water",CC1(C(C1C(=O)OCC2=CC(=CC=C2)OC3=CC=CC=C3)C=C(Cl)Cl)C,6.5,10.3390/liquids4010011
adapalene,6-[3-(1-adamantyl)-4-methoxyphenyl]naphthalene-2-carboxylic acid  ,"octanol,water",COC1=C(C=C(C=C1)C1=CC2=C(C=C1)C=C(C=C2)C(O)=O)C12CC3CC(CC(C3)C1)C2,8.6,10.1093/nar/gkab1062
adenosine,"(2R,3R,4S,5R)-2-(6-aminopurin-9-yl)-5-(hydroxymethyl)oxolane-3,4-diol  ","octanol,water",NC1=C2N=CN([C@@H]3O[C@H](CO)[C@@H](O)[C@H]3O)C2=NC=N1,-1.05,10.1093/nar/gkab1062
ajmaline,"(1R,9R,10S,12R,13S,14R,16S,18R)-13-ethyl-8-methyl-8,15-diazahexacyclo[14.2.1.01,9.02,7.010,15.012,17]nonadeca-2,4,6-triene-14,18-diol  ","octanol,water",CC[C@H]1[C@@H]2C[C@H]3[C@@H]4N(C)C5=CC=CC=C5[C@]44C[C@@H](C2[C@H]4O)N3[C@@H]1O,1.81,10.1093/nar/gkab1062
albendazole,methyl N-(6-propylsulfanyl-1H-benzimidazol-2-yl)carbamate,"toluene,water",CCCSc1ccc2c(c1)[nH]c(n2)NC(=O)OC,3.76,10.1039/D3CP01428B
aldosterone,"11-hydroxy-17-(2-hydroxyacetyl)-10-methyl-3-oxo-1,2,6,7,8,9,11,12,14,15,16,17-dodecahydrocyclopenta[a]phenanthrene-13-carbaldehyde","octanol,water",CC12CCC(=O)C=C1CCC3C2C(CC4(C3CCC4C(=O)CO)C=O)O,1.08,10.3390/liquids4010011
alprenolol,1-(propan-2-ylamino)-3-(2-prop-2-enylphenoxy)propan-2-ol,"toluene,water",CC(C)NCC(O)COc1ccccc1CC=C,2.4,10.1039/D3CP01428B
amitriptyline,"N,N-dimethyl-3-(2-tricyclo[9.4.0.03,8]pentadeca-1(15),3,5,7,11,13-hexaenylidene)propan-1-amine","toluene,water",CN(C)CCC=C2c1ccccc1CCc3ccccc23,5.51,10.1039/D3CP01428B
amlodipine,"3-O-ethyl 5-O-methyl 2-(2-aminoethoxymethyl)-4-(2-chlorophenyl)-6-methyl-1,4-dihydropyridine-3,5-dicarboxylate","octanol,water",CCOC(=O)C1=C(NC(=C(C1C2=CC=CC=C2Cl)C(=O)OC)C)COCCN,3.74,10.3390/liquids4010011
amoxicillin,"6-[[2-amino-2-(4-hydroxyphenyl)acetyl]amino]-3,3-dimethyl-7-oxo-4-thia-1-azabicyclo[3.2.0]heptane-2-carboxylic acid","octanol,water",CC1(C(N2C(S1)C(C2=O)NC(=O)C(C3=CC=C(C=C3)O)N)C(=O)O)C,-1.71,10.3390/liquids4010011
androsterone,"(3R,5S,8R,9S,10S,13S,14S)-3-hydroxy-10,13-dimethyl-1,2,3,4,5,6,7,8,9,11,12,14,15,16-tetradecahydrocyclopenta[a]phenanthren-17-one  ","octanol,water",C[C@]12CC[C@H](C[C@@H]1CC[C@@H]3[C@@H]2CC[C@]4([C@H]3CCC4=O)C)O  ,3.69,10.1016/j.chroma.2023.464213
anhydroretinol,"(6E)-6-[(2E,4E,6E)-3,7-dimethylnona-2,4,6,8-tetraenylidene]-1,5,5-trimethylcyclohexene  ","octanol,water",[H]/C(=C(/[H])\C(\C)=C(/[H])\C(\[H])=C1\C(C)=CCCC1(C)C)/C(/[H])=C(\C)C=C,6.81,10.1093/nar/gkab1062
aprepitant,"3-[[(2R,3S)-2-[(1R)-1-[3,5-bis(trifluoromethyl)phenyl]ethoxy]-3-(4-fluorophenyl)morpholin-4-yl]methyl]-1,4-dihydro-1,2,4-triazol-5-one  ","octanol,water",C[C@@H](O[C@H]1OCCN(CC2=NNC(=O)N2)[C@H]1C1=CC=C(F)C=C1)C1=CC(=CC(=C1)C(F)(F)F)C(F)(F)F,4.5,10.1093/nar/gkab1062
arformoterol,N-[2-hydroxy-5-[1-hydroxy-2-[1-(4-methoxyphenyl)propan-2-ylamino]ethyl]phenyl]formamide,"octanol,water",CC(CC1=CC=C(C=C1)OC)NCC(C2=CC(=C(C=C2)O)NC=O)O,1.91,10.3390/liquids4010011
ascorbic-acid,"(2R)-2-[(1S)-1,2-dihydroxyethyl]-3,4-dihydroxy-2H-furan-5-one  ","octanol,water",[H][C@@]1(OC(=O)C(O)=C1O)[C@@H](O)CO,-1.85,10.1093/nar/gkab1062
astemizole,1-[(4-fluorophenyl)methyl]-N-[1-[2-(4-methoxyphenyl)ethyl]piperidin-4-yl]benzimidazol-2-amine,"octanol,water",COC1=CC=C(C=C1)CCN2CCC(CC2)NC3=NC4=CC=CC=C4N3CC5=CC=C(C=C5)F,5.8,10.3390/liquids4010011
atropine,"[(1R,5S)-8-methyl-8-azabicyclo[3.2.1]octan-3-yl] 3-hydroxy-2-phenylpropanoate  ","ethanol,water",CN1[C@@H]2CC[C@H]1CC(C2)OC(=O)C(CO)C3=CC=CC=C3  ,2.036,10.1016/j.fluid.2010.07.007
azimsulfuron,"1-(4,6-dimethoxypyrimidin-2-yl)-3-[2-methyl-4-(2-methyltetrazol-5-yl)pyrazol-3-yl]sulfonylurea  ","octanol,water",COC1=CC(OC)=NC(NC(=O)NS(=O)(=O)C2=C(C=NN2C)C2=NN(C)N=N2)=N1,2.1,10.3390/liquids4010011
azoxystrobin,methyl (E)-2-[2-[6-(2-cyanophenoxy)pyrimidin-4-yl]oxyphenyl]-3-methoxyprop-2-enoate,"octanol,water",CO\C=C(\C(=O)OC)C1=CC=CC=C1OC1=CC(OC2=CC=CC=C2C#N)=NC=N1,2.5,10.1186/s12302-025-01072-2
azulfidine,2-hydroxy-5-[[4-(pyridin-2-ylsulfamoyl)phenyl]diazenyl]benzoic acid,"octanol,water",C1=CC=NC(=C1)NS(=O)(=O)C2=CC=C(C=C2)N=NC3=CC(=C(C=C3)O)C(=O)O,3.61,10.3390/liquids4010011
baloxavir-marboxil,"[(3R)-2-[(11S)-7,8-difluoro-6,11-dihydrobenzo[c][1]benzothiepin-11-yl]-9,12-dioxo-5-oxa-1,2,8-triazatricyclo[8.4.0.03,8]tetradeca-10,13-dien-11-yl]oxymethyl methyl carbonate  ","octanol,water",COC(=O)OCOC1=C2C(=O)N3CCOC[C@H]3N(N2C=CC1=O)[C@H]4C5=C(CSC6=CC=CC=C46)C(=C(C=C5)F)F ,2.26,10.1093/nar/gkj067
bendroflumethiazide,"3-benzyl-1,1-dioxo-6-(trifluoromethyl)-3,4-dihydro-2H-1lambda6,2,4-benzothiadiazine-7-sulfonamide  ","octanol,water",NS(=O)(=O)C1=CC2=C(NC(CC3=CC=CC=C3)NS2(=O)=O)C=C1C(F)(F)F,1.19,10.3390/liquids4010011
benzatropine,"(1S,5R)-3-benzhydryloxy-8-methyl-8-azabicyclo[3.2.1]octane  ","octanol,water",[H][C@]12CC[C@]([H])(C[C@@]([H])(C1)OC(C1=CC=CC=C1)C1=CC=CC=C1)N2C,4.3,10.1093/nar/gkab1062
beta-pinene,"6,6-dimethyl-2-methylidenebicyclo[3.1.1]heptane  ","octanol,water",CC1(C2CCC(=C)C1C2)C  ,4.22,10.1016/j.chroma.2023.464213
beta‐hexachlorocyclohexane,"1,2,3,4,5,6-hexachlorocyclohexane","octanol,water",Cl[C@H]1[C@H](Cl)[C@@H](Cl)[C@H](Cl)[C@@H](Cl)[C@@H]1Cl ,3.79,10.1186/s12302-025-01072-2
betamethasone,"9-fluoro-11,17-dihydroxy-17-(2-hydroxyacetyl)-10,13,16-trimethyl-6,7,8,11,12,14,15,16-octahydrocyclopenta[a]phenanthren-3-one","octanol,water",CC1CC2C3CCC4=CC(=O)C=CC4(C3(C(CC2(C1(C(=O)CO)O)C)O)F)C,2.06,10.3390/liquids4010011
betulin,"(1R,3aS,5aR,5bR,7aR,9S,11aR,11bR,13aR,13bR)-3a-(hydroxymethyl)-5a,5b,8,8,11a-pentamethyl-1-prop-1-en-2-yl-1,2,3,4,5,6,7,7a,9,10,11,11b,12,13,13a,13b-hexadecahydrocyclopenta[a]chrysen-9-ol  ","ethanol,water",CC(=C)[C@@H]1CC[C@]2([C@H]1[C@H]3CC[C@@H]4[C@]5(CC[C@@H](C([C@@H]5CC[C@]4([C@@]3(CC2)C)C)(C)C)O)C)CO  ,9.885,10.1016/j.fluid.2010.07.007
bevantolol,"1-[2-(3,4-dimethoxyphenyl)ethylamino]-3-(3-methylphenoxy)propan-2-ol","octanol,water",CC1=CC(=CC=C1)OCC(CNCCC2=CC(=C(C=C2)OC)OC)O,3,10.3390/liquids4010011
bifonazole,1-[phenyl-(4-phenylphenyl)methyl]imidazole,"toluene,water",c1ccc(cc1)C(c2ccc(cc2)c3ccccc3)n4ccnc4,5.47,10.1039/D3CP01428B
bitertanol,"3,3-dimethyl-1-(4-phenylphenoxy)-1-(1,2,4-triazol-1-yl)butan-2-ol","octanol,water",CC(C)(C)C(C(N1C=NC=N1)OC2=CC=C(C=C2)C3=CC=CC=C3)O,4.16,10.3390/liquids4010011
bromocriptine,"(6aR,9R)-5-bromo-N-[(1S,2S,4R,7S)-2-hydroxy-7-(2-methylpropyl)-5,8-dioxo-4-propan-2-yl-3-oxa-6,9-diazatricyclo[7.3.0.02,6]dodecan-4-yl]-7-methyl-6,6a,8,9-tetrahydro-4H-indolo[4,3-fg]quinoline-9-carboxamide  ","octanol,water",[H][C@@]12CCCN1C(=O)[C@H](CC(C)C)N1C(=O)[C@](NC(=O)[C@H]3CN(C)[C@]4([H])CC5=C(Br)NC6=CC=CC(=C56)C4=C3)(O[C@@]21O)C(C)C,4.2,10.3390/liquids4010011
bromoperidol,4-[4-(4-bromophenyl)-4-hydroxypiperidin-1-yl]-1-(4-fluorophenyl)butan-1-one,"octanol,water",C1CN(CCC1(C2=CC=C(C=C2)Br)O)CCCC(=O)C3=CC=C(C=C3)F,3.65,10.3390/liquids4010011
bumetanide,3-(butylamino)-4-phenoxy-5-sulfamoylbenzoic acid,"octanol,water",CCCCNC1=C(C(=CC(=C1)C(=O)O)S(=O)(=O)N)OC2=CC=CC=C2,1.96,10.3390/liquids4010011
buspirone,"8-[4-(4-pyrimidin-2-ylpiperazin-1-yl)butyl]-8-azaspiro[4.5]decane-7,9-dione","octanol,water",C1CCC2(C1)CC(=O)N(C(=O)C2)CCCCN3CCN(CC3)C4=NC=CC=N4,2.3,10.3390/liquids4010011
butorphanol,"(1S,9R,10S)-17-(cyclobutylmethyl)-17-azatetracyclo[7.5.3.01,10.02,7]heptadeca-2(7),3,5-triene-4,10-diol  ","octanol,water",[H][C@@]12CC3=C(C=C(O)C=C3)[C@]3(CCCC[C@@]13O)CCN2CC1CCC1,3.3,10.1093/nar/gkab1062
cabergoline,"(6aR,9R,10aR)-N-[3-(dimethylamino)propyl]-N-(ethylcarbamoyl)-7-prop-2-enyl-6,6a,8,9,10,10a-hexahydro-4H-indolo[4,3-fg]quinoline-9-carboxamide  ","octanol,water",[H][C@@]12CC3=CNC4=CC=CC(=C34)[C@@]1([H])C[C@H](CN2CC=C)C(=O)N(CCCN(C)C)C(=O)NCC,2.6,10.1093/nar/gkab1062
carbenicillin,"6-[(2-carboxy-2-phenylacetyl)amino]-3,3-dimethyl-7-oxo-4-thia-1-azabicyclo[3.2.0]heptane-2-carboxylic acid","octanol,water",CC1(C(N2C(S1)C(C2=O)NC(=O)C(C3=CC=CC=C3)C(=O)O)C(=O)O)C,1.13,10.3390/liquids4010011
carfecillin,"3,3-dimethyl-7-oxo-6-[(3-oxo-3-phenoxy-2-phenylpropanoyl)amino]-4-thia-1-azabicyclo[3.2.0]heptane-2-carboxylic acid","octanol,water",CC1(C(N2C(S1)C(C2=O)NC(=O)C(C3=CC=CC=C3)C(=O)OC4=CC=CC=C4)C(=O)O)C,2.96,10.3390/liquids4010011
cdp,"[(2R,3S,4R,5R)-5-(4-amino-2-oxopyrimidin-1-yl)-3,4-dihydroxyoxolan-2-yl]methyl phosphono hydrogen phosphate","octanol,water",NC1=NC(=O)N(C=C1)[C@@H]1O[C@H](COP(O)(=O)OP(O)(O)=O)[C@@H](O)[C@H]1O,2.44,10.1093/nar/gkab1062
cefazoline,"3-[(5-methyl-1,3,4-thiadiazol-2-yl)sulfanylmethyl]-8-oxo-7-[[2-(tetrazol-1-yl)acetyl]amino]-5-thia-1-azabicyclo[4.2.0]oct-2-ene-2-carboxylic acid","octanol,water",CC1=NN=C(S1)SCC2=C(N3C(C(C3=O)NC(=O)CN4C=NN=N4)SC2)C(=O)O,-0.58,10.3390/liquids4010011
cefixime,"7-[[2-(2-amino-1,3-thiazol-4-yl)-2-(carboxymethoxyimino)acetyl]amino]-3-ethenyl-8-oxo-5-thia-1-azabicyclo[4.2.0]oct-2-ene-2-carboxylic acid","octanol,water",C=CC1=C(N2C(C(C2=O)NC(=O)C(=NOCC(=O)O)C3=CSC(=N3)N)SC1)C(=O)O,0.11,10.3390/liquids4010011
cefmenoxime,"(6R,7R)-7-[[(2E)-2-(2-amino-1,3-thiazol-4-yl)-2-methoxyiminoacetyl]amino]-3-[(1-methyltetrazol-5-yl)sulfanylmethyl]-8-oxo-5-thia-1-azabicyclo[4.2.0]oct-2-ene-2-carboxylic acid","octanol,water",[H][C@]12SCC(CSC3=NN=NN3C)=C(N1C(=O)[C@H]2NC(=O)C(=N/OC)\C1=CSC(N)=N1)C(O)=O,-1.3,10.1093/nar/gkab1062
cefuroxime,3-(carbamoyloxymethyl)-7-[[2-(furan-2-yl)-2-methoxyiminoacetyl]amino]-8-oxo-5-thia-1-azabicyclo[4.2.0]oct-2-ene-2-carboxylic acid,"octanol,water",CON=C(C1=CC=CO1)C(=O)NC2C3N(C2=O)C(=C(CS3)COC(=O)N)C(=O)O,-0.16,10.3390/liquids4010011
celebrex,4-[5-(4-methylphenyl)-3-(trifluoromethyl)pyrazol-1-yl]benzenesulfonamide,"octanol,water",CC1=CC=C(C=C1)C2=CC(=NN2C3=CC=C(C=C3)S(=O)(=O)N)C(F)(F)F,3.9,10.3390/liquids4010011
celecoxib,4-[5-(4-methylphenyl)-3-(trifluoromethyl)pyrazol-1-yl]benzenesulfonamide  ,"ethanol,water",CC1=CC=C(C=C1)C2=CC(=NN2C3=CC=C(C=C3)S(=O)(=O)N)C(F)(F)F  ,3.95,10.1016/j.fluid.2010.07.007
celiprolol,"3-[3-acetyl-4-[3-(tert-butylamino)-2-hydroxypropoxy]phenyl]-1,1-diethylurea","octanol,water",CCN(CC)C(=O)NC1=CC(=C(C=C1)OCC(CNC(C)(C)C)O)C(=O)C,1.92,10.3390/liquids4010011
cephamandole,7-[(2-hydroxy-2-phenylacetyl)amino]-3-[(1-methyltetrazol-5-yl)sulfanylmethyl]-8-oxo-5-thia-1-azabicyclo[4.2.0]oct-2-ene-2-carboxylic acid,"octanol,water",CN1C(=NN=N1)SCC2=C(N3C(C(C3=O)NC(=O)C(C4=CC=CC=C4)O)SC2)C(=O)O,0.5,10.3390/liquids4010011
cetirizine,2-[2-[4-[(4-chlorophenyl)-phenylmethyl]piperazin-1-yl]ethoxy]acetic acid,"octanol,water",C1CN(CCN1CCOCC(=O)O)C(C2=CC=CC=C2)C3=CC=C(C=C3)Cl,1.7,10.3390/liquids4010011
chlornitrofen,"1,3,5-trichloro-2-(4-nitrophenoxy)benzene","octanol,water",[O-][N+](=O)C1=CC=C(OC2=C(Cl)C=C(Cl)C=C2Cl)C=C1,4.97,10.1186/s12302-025-01072-2
chlorotrianisene,"1-[1-chloro-2,2-bis(4-methoxyphenyl)ethenyl]-4-methoxybenzene","octanol,water",COC1=CC=C(C=C1)C(Cl)=C(C1=CC=C(OC)C=C1)C1=CC=C(OC)C=C1,6.4,10.1093/nar/gkab1062
chlorpheniraminemaleatesalt,"3-(4-chlorophenyl)-N,N-dimethyl-3-pyridin-2-ylpropan-1-amine","toluene,water",CN(C)CCC(c1ccc(Cl)cc1)c2ccccn2,3.61,10.1039/D3CP01428B
chlorpyrifos,"diethoxy-sulfanylidene-(3,5,6-trichloropyridin-2-yl)oxy-lambda5-phosphane","octanol,water",CCOP(=S)(OCC)OC1=NC(Cl)=C(Cl)C=C1Cl,4.96,10.1186/s12302-025-01072-2
chrysene,Chrysene,"ethanol,water",C1=CC=C2C(=C1)C=CC3=C2C=CC4=CC=CC=C43  ,5.6,10.1016/j.fluid.2010.07.007
cis-myrist-7-enoyl-coa,"1,2,3,4,5,6,7,8-octachloronaphthalene  ","octanol,water",ClC1=C(Cl)C2=C(C(Cl)=C1Cl)C(Cl)=C(Cl)C(Cl)=C2Cl,7.68,10.1093/nar/gkab1062
clarithromycin,"(3R,4S,5S,6R,7R,9R,11R,12R,13S,14R)-6-[(2S,3R,4S,6R)-4-(dimethylamino)-3-hydroxy-6-methyloxan-2-yl]oxy-14-ethyl-12,13-dihydroxy-4-[(2R,4R,5S,6S)-5-hydroxy-4-methoxy-4,6-dimethyloxan-2-yl]oxy-7-methoxy-3,5,7,9,11,13-hexamethyl-oxacyclotetradecane-2,10-dione  ","octanol,water",[H][C@@]1(C[C@@](C)(OC)[C@@H](O)[C@H](C)O1)O[C@H]1[C@H](C)[C@@H](O[C@]2([H])O[C@H](C)C[C@@H]([C@H]2O)N(C)C)[C@@](C)(C[C@@H](C)C(=O)[C@H](C)[C@@H](O)[C@](C)(O)[C@@H](CC)OC(=O)[C@@H]1C)OC,1.7,10.1093/nar/gkab1062
clobazam,"7-chloro-1-methyl-5-phenyl-1,5-benzodiazepine-2,4-dione  ","octanol,water",CN1C2=C(C=C(Cl)C=C2)N(C2=CC=CC=C2)C(=O)CC1=O,2.3,10.1093/nar/gkab1062
clodronate,[dichloro(phosphono)methyl]phosphonic acid  ,"octanol,water",OP(O)(=O)C(Cl)(Cl)P(O)(O)=O,-2.4,10.1093/nar/gkab1062
clofazimine,"N,5-bis(4-chlorophenyl)-3-propan-2-yliminophenazin-2-amine","octanol,water",CC(C)N=C1C=C2C(=NC3=CC=CC=C3N2C4=CC=C(C=C4)Cl)C=C1NC5=CC=C(C=C5)Cl,7.48,10.3390/liquids4010011
clomocycline,"(4S,4aS,5aS,6S,12aR)-7-chloro-4-(dimethylamino)-1,6,10,11,12a-pentahydroxy-N-(hydroxymethyl)-6-methyl-3,12-dioxo-4,4a,5,5a-tetrahydrotetracene-2-carboxamide  ","octanol,water",[H][C@@]12C[C@@]3([H])C(=C(O)[C@]1(O)C(=O)C(C(=O)NCO)=C(O)[C@H]2N(C)C)C(=O)C1=C(O)C=CC(Cl)=C1[C@@]3(C)O,0.2,10.1093/nar/gkab1062
clotrimazole,1-[(2-chlorophenyl)-diphenylmethyl]imidazole,"octanol,water",C1=CC=C(C=C1)C(C2=CC=CC=C2)(C3=CC=CC=C3Cl)N4C=CN=C4,5.2,10.3390/liquids4010011
clozapine,"3-chloro-6-(4-methylpiperazin-1-yl)-11H-benzo[b][1,4]benzodiazepine","octanol,water",CN1CCN(CC1)C1=NC2=C(NC3=C1C=CC=C3)C=CC(Cl)=C2,3.23,10.1186/s12302-025-01072-2
cmp-n-glycoloyl-beta-neuraminate2-,"2-[[5-(4-amino-2-oxopyrimidin-1-yl)-3,4-dihydroxyoxolan-2-yl]methoxy-hydroxyphosphoryl]oxy-4-hydroxy-5-[(2-hydroxyacetyl)amino]-6-(1,2,3-trihydroxypropyl)oxane-2-carboxylic acid  ","octanol,water",OCC(O)C(O)C1OC(CC(O)C1N=C(O)CO)(OP(O)(=O)OCC1OC(C(O)C1O)N1C=CC(=N)N=C1O)C(O)=O,-2.68,10.1093/nar/gkab1062
cocaine,"methyl (1R,2R,3S,5S)-3-benzoyloxy-8-methyl-8-azabicyclo[3.2.1]octane-2-carboxylate  ","octanol,water",[H][C@]12CC[C@]([H])([C@H]([C@H](C1)OC(=O)C1=CC=CC=C1)C(=O)OC)N2C,2.3,10.1093/nar/gkab1062
codeine,"(4R,4aR,7S,7aR,12bS)-9-methoxy-3-methyl-2,4,4a,7,7a,13-hexahydro-1H-4,12-methanobenzofuro[3,2-e]isoquinolin-7-ol  ","octanol,water",[H][C@@]12OC3=C(OC)C=CC4=C3[C@@]11CCN(C)[C@]([H])(C4)[C@]1([H])C=C[C@@H]2O,1.19,10.1093/nar/gkab1062
cordarone,"(2-butyl-1-benzofuran-3-yl)-[4-[2-(diethylamino)ethoxy]-3,5-diiodophenyl]methanone","octanol,water",CCCCC1=C(C2=CC=CC=C2O1)C(=O)C3=CC(=C(C(=C3)I)OCCN(CC)CC)I,7.8,10.3390/liquids4010011
cortexolone,"(8R,9S,10R,13S,14S,17R)-17-hydroxy-17-(2-hydroxyacetyl)-10,13-dimethyl-2,6,7,8,9,11,12,14,15,16-decahydro-1H-cyclopenta[a]phenanthren-3-one  ","octanol,water",[H][C@@]12CC[C@](O)(C(=O)CO)[C@@]1(C)CC[C@@]1([H])[C@@]2([H])CCC2=CC(=O)CC[C@]12C,2.52,10.3390/liquids4010011
corticosterone,"11-hydroxy-17-(2-hydroxyacetyl)-10,13-dimethyl-1,2,6,7,8,9,11,12,14,15,16,17-dodecahydrocyclopenta[a]phenanthren-3-one","octanol,water",CC12CCC(=O)C=C1CCC3C2C(CC4(C3CCC4C(=O)CO)C)O,1.94,10.3390/liquids4010011
cortisol,"11,17-dihydroxy-17-(2-hydroxyacetyl)-10,13-dimethyl-2,6,7,8,9,11,12,14,15,16-decahydro-1H-cyclopenta[a]phenanthren-3-one","octanol,water",CC12CCC(=O)C=C1CCC3C2C(CC4(C3CCC4(C(=O)CO)O)C)O,1.61,10.3390/liquids4010011
cortisol21-sulfate,"[2-[(8S,9S,10R,11S,13S,14S,17R)-11,17-dihydroxy-10,13-dimethyl-3-oxo-2,6,7,8,9,11,12,14,15,16-decahydro-1H-cyclopenta[a]phenanthren-17-yl]-2-oxoethyl] hydrogen sulfate ","octanol,water",[H][C@@]12CC[C@](O)(C(=O)COS(O)(=O)=O)[C@@]1(C)C[C@]([H])(O)[C@@]1([H])[C@@]2([H])CCC2=CC(=O)CC[C@]12C,-0.18,10.1093/nar/gkab1062
cortisone,"17-hydroxy-17-(2-hydroxyacetyl)-10,13-dimethyl-1,2,6,7,8,9,12,14,15,16-decahydrocyclopenta[a]phenanthrene-3,11-dione","octanol,water",CC12CCC(=O)C=C1CCC3C2C(=O)CC4(C3CCC4(C(=O)CO)O)C,1.47,10.3390/liquids4010011
cyclicamp,"(4aR,6R,7R,7aS)-6-(6-aminopurin-9-yl)-2-hydroxy-2-oxo-4a,6,7,7a-tetrahydro-4H-furo[3,2-d][1,3,2]dioxaphosphinin-7-ol ","octanol,water",[H][C@@]12COP(O)(=O)O[C@@]1([H])[C@@H](O)[C@@H](O2)N1C=NC2=C1N=CN=C2N,-2.96,10.1093/nar/gkab1062
cymperator,"[cyano-(3-phenoxyphenyl)methyl] 3-(2,2-dichloroethenyl)-2,2-dimethylcyclopropane-1-carboxylate","octanol,water",CC1(C(C1C(=O)OC(C#N)C2=CC(=CC=C2)OC3=CC=CC=C3)C=C(Cl)Cl)C,6.05,10.3390/liquids4010011
danazol,"(1S,2R,13R,14S,17R,18S)-17-ethynyl-2,18-dimethyl-7-oxa-6-azapentacyclo[11.7.0.02,10.04,8.014,18]icosa-4(8),5,9-trien-17-ol  ","octanol,water",[H][C@@]12CC[C@@](O)(C#C)[C@@]1(C)CC[C@@]1([H])[C@@]2([H])CCC2=CC3=C(C[C@]12C)C=NO3,4.081,10.1093/nar/gkab1062
ddt,"1-chloro-4-[2,2,2-trichloro-1-(4-chlorophenyl)ethyl]benzene","octanol,water",ClC1=CC=C(C=C1)C(C1=CC=C(Cl)C=C1)C(Cl)(Cl)Cl,6.91,10.1186/s12302-025-01072-2
decamethylcyclopentasiloxane,"2,2,4,4,6,6,8,8,10,10-decamethyl-1,3,5,7,9,2,4,6,8,10-pentaoxapentasilecane","octanol,water",C[Si]1(C)O[Si](C)(C)O[Si](C)(C)O[Si](C)(C)O[Si](C)(C)O1,6.804,10.1186/s12302-025-01072-2
deferasirox,"4-[3,5-bis(2-hydroxyphenyl)-1,2,4-triazol-1-yl]benzoic acid  ","octanol,water",OC(=O)C1=CC=C(C=C1)N1N=C(N=C1C1=CC=CC=C1O)C1=CC=CC=C1O,3.52,10.1093/nar/gkab1062
deltamethrin,"[(S)-cyano-(3-phenoxyphenyl)methyl] (1R,3R)-3-(2,2-dibromoethenyl)-2,2-dimethylcyclopropane-1-carboxylate","octanol,water",CC1(C)[C@@H](C=C(Br)Br)[C@H]1C(=O)O[C@H](C#N)C1=CC=CC(OC2=CC=CC=C2)=C1,6.2,10.1186/s12302-025-01072-2
deoxyuridine,"1-[(2R,4S,5R)-4-hydroxy-5-(hydroxymethyl)oxolan-2-yl]pyrimidine-2,4-dione  ","octanol,water",OC[C@H]1O[C@H](C[C@@H]1O)N1C=CC(=O)NC1=O,-1.51,10.1093/nar/gkab1062
dexamethasone,"9-fluoro-11,17-dihydroxy-17-(2-hydroxyacetyl)-10,13,16-trimethyl-6,7,8,11,12,14,15,16-octahydrocyclopenta[a]phenanthren-3-one","octanol,water",CC1CC2C3CCC4=CC(=O)C=CC4(C3(C(CC2(C1(C(=O)CO)O)C)O)F)C,2.01,10.3390/liquids4010011
dexrazoxane,"4-[(2S)-2-(3,5-dioxopiperazin-1-yl)propyl]piperazine-2,6-dione  ","octanol,water",C[C@@H](CN1CC(=O)NC(=O)C1)N1CC(=O)NC(=O)C1,-2.6,10.1093/nar/gkab1062
dextromethorphan,"(1R,9R,10R)-4-methoxy-17-methyl-17-azatetracyclo[7.5.3.01,10.02,7]heptadeca-2(7),3,5-triene  ","octanol,water",[H][C@@]12CCCC[C@@]11CCN(C)[C@@H]2CC2=C1C=C(OC)C=C2,3.6,10.1093/nar/gkab1062
diazinon,diethoxy-(6-methyl-2-propan-2-ylpyrimidin-4-yl)oxy-sulfanylidene-lambda5-phosphane,"octanol,water",CCOP(=S)(OCC)OC1=NC(=NC(C)=C1)C(C)C,3.81,10.1186/s12302-025-01072-2
diclofenac,"2-[2-(2,6-dichloroanilino)phenyl]acetic acid","octanol,water",OC(=O)CC1=C(NC2=C(Cl)C=CC=C2Cl)C=CC=C1,4.51,10.1186/s12302-025-01072-2
dicloxacillin,"6-[[3-(2,6-dichlorophenyl)-5-methyl-1,2-oxazole-4-carbonyl]amino]-3,3-dimethyl-7-oxo-4-thia-1-azabicyclo[3.2.0]heptane-2-carboxylic acid","octanol,water",CC1=C(C(=NO1)C2=C(C=CC=C2Cl)Cl)C(=O)NC3C4N(C3=O)C(C(S4)(C)C)C(=O)O,2.91,10.3390/liquids4010011
diethylcarbonate,Diethyl carbonate,"benzene,water",O=C(OCC)OCC,1.21,10.1021/jp980017s
digoxin,"3-[(3S,5R,8R,9S,10S,12R,13S,14S,17R)-3-[(2R,4S,5S,6R)-5-[(2S,4S,5S,6R)-5-[(2S,4S,5S,6R)-4,5-dihydroxy-6-methyloxan-2-yl]oxy-4-hydroxy-6-methyloxan-2-yl]oxy-4-hydroxy-6-methyloxan-2-yl]oxy-12,14-dihydroxy-10,13-dimethyl-1,2,3,4,5,6,7,8,9,11,12,15,16,17-tetradecahydrocyclopenta[a]phenanthren-17-yl]-2H-furan-5-one","octanol,water",[H][C@]12CC[C@]3([H])[C@]([H])(C[C@@H](O)[C@]4(C)[C@H](CC[C@]34O)C3=CC(=O)OC3)[C@@]1(C)CC[C@@H](C2)O[C@H]1C[C@H](O)[C@H](O[C@H]2C[C@H](O)[C@H](O[C@H]3C[C@H](O)[C@H](O)[C@@H](C)O3)[C@@H](C)O2)[C@@H](C)O1,1.26,10.3390/liquids4010011
dihydroergotamine,"(6aR,9R,10aR)-N-[(1S,2S,4R,7S)-7-benzyl-2-hydroxy-4-methyl-5,8-dioxo-3-oxa-6,9-diazatricyclo[7.3.0.02,6]dodecan-4-yl]-7-methyl-6,6a,8,9,10,10a-hexahydro-4H-indolo[4,3-fg]quinoline-9-carboxamide  ","octanol,water",[H][C@@]12CCCN1C(=O)[C@H](CC1=CC=CC=C1)N1C(=O)[C@](C)(NC(=O)[C@H]3CN(C)[C@]4([H])CC5=CNC6=CC=CC(=C56)[C@@]4([H])C3)O[C@@]21O,2,10.1093/nar/gkab1062
dihydrotachysterol,"(1S,3E,4S)-3-[(2E)-2-[(1R,3aS,7aR)-1-[(E,2R,5R)-5,6-dimethylhept-3-en-2-yl]-7a-methyl-2,3,3a,5,6,7-hexahydro-1H-inden-4-ylidene]ethylidene]-4-methylcyclohexan-1-ol  ","octanol,water",CC(C)[C@@H](C)\C=C\[C@@H](C)[C@@]1([H])CC[C@@]2([H])\C(CCC[C@]12C)=C\C=C1/C[C@@H](O)CC[C@@H]1C,7.5,10.1093/nar/gkab1062
diltiazem,"[(2S,3S)-5-[2-(dimethylamino)ethyl]-2-(4-methoxyphenyl)-4-oxo-2,3-dihydro-1,5-benzothiazepin-3-yl] acetate  ","octanol,water",COC1=CC=C(C=C1)[C@@H]1SC2=CC=CC=C2N(CCN(C)C)C(=O)[C@@H]1OC(C)=O,2.7,10.1186/s12302-025-01072-2
diphenyl-2-ethylhexyl-phosphate,2-ethylhexyl diphenyl phosphate,"octanol,water",CCCCC(CC)COP(=O)(OC1=CC=CC=C1)OC2=CC=CC=C2,5.73,10.3390/liquids4010011
dodecamethylcyclohexasiloxane-d6,"2,2,4,4,6,6,8,8,10,10,12,12-dodecamethyl-1,3,5,7,9,11-hexaoxa-2,4,6,8,10,12-hexasilacyclododecane","octanol,water",C[Si]1(C)O[Si](C)(C)O[Si](C)(C)O[Si](C)(C)O[Si](C)(C)O[Si](C)(C)O1,8.19,10.1186/s12302-025-01072-2
dodecamethylpentasiloxane-l5,bis[[dimethyl(trimethylsilyloxy)silyl]oxy]-dimethylsilane,"octanol,water",C[Si](C)(C)O[Si](C)(C)O[Si](C)(C)O[Si](C)(C)O[Si](C)(C)C,9.41,10.1186/s12302-025-01072-2
doxycycline,"(4S,4aR,5S,5aR,6R,12aR)-4-(dimethylamino)-1,5,10,11,12a-pentahydroxy-6-methyl-3,12-dioxo-4a,5,5a,6-tetrahydro-4H-tetracene-2-carboxamide","octanol,water",[H][C@@]12[C@@H](C)C3=C(C(O)=CC=C3)C(=O)C1=C(O)[C@]1(O)C(=O)C(C(N)=O)=C(O)[C@@H](N(C)C)[C@]1([H])[C@H]2O,-0.2,10.1093/nar/gkab1062
dutasteride,"(1S,3aS,3bS,5aR,9aR,9bS,11aS)-N-[2,5-bis(trifluoromethyl)phenyl]-9a,11a-dimethyl-7-oxo-1,2,3,3a,3b,4,5,5a,6,9b,10,11-dodecahydroindeno[5,4-f]quinoline-1-carboxamide  ","octanol,water",[H][C@@]1(CC[C@@]2([H])[C@]3([H])CC[C@@]4([H])NC(=O)C=C[C@]4(C)[C@@]3([H])CC[C@]12C)C(=O)NC1=CC(=CC=C1C(F)(F)F)C(F)(F)F,6.8,10.1093/nar/gkab1062
enalapril,1-[2-[(1-ethoxy-1-oxo-4-phenylbutan-2-yl)amino]propanoyl]pyrrolidine-2-carboxylic acid,"octanol,water",CCOC(=O)C(CCC1=CC=CC=C1)NC(C)C(=O)N2CCCC2C(=O)O,0.16,10.3390/liquids4010011
epinephrine,"4-[(1R)-1-hydroxy-2-(methylamino)ethyl]benzene-1,2-diol","toluene,water",CNC[C@H](O)c1ccc(O)c(O)c1,-1.23,10.1039/D3CP01428B
ergocalciferol,"(1S,3Z)-3-[(2E)-2-[(1R,3aS,7aR)-1-[(E,2R,5R)-5,6-dimethylhept-3-en-2-yl]-7a-methyl-2,3,3a,5,6,7-hexahydro-1H-inden-4-ylidene]ethylidene]-4-methylidenecyclohexan-1-ol  ","octanol,water",C[C@H](/C=C/[C@H](C)C(C)C)[C@H]1CC[C@@H]\2[C@@]1(CCC/C2=C\C=C/3\C[C@H](CCC3=C)O)C  ,8.89,10.1093/nar/gkj067
eriodictyol,"(2S)-2-(3,4-dihydroxyphenyl)-5,7-dihydroxy-2,3-dihydrochromen-4-one  ","octanol,water",OC1=CC(O)=C2C(=O)C[C@H](OC2=C1)C1=CC=C(O)C(O)=C1,2.02,10.1093/nar/gkab1062
eszopiclone,"[(7S)-6-(5-chloropyridin-2-yl)-5-oxo-7H-pyrrolo[3,4-b]pyrazin-7-yl] 4-methylpiperazine-1-carboxylate  ","octanol,water",CN1CCN(CC1)C(=O)O[C@@H]1N(C(=O)C2=NC=CN=C12)C1=NC=C(Cl)C=C1,0.8,10.1093/nar/gkab1062
etoposide,"(5S,5aR,8aR,9R)-5-[[(2R,4aR,6R,7R,8R,8aS)-7,8-dihydroxy-2-methyl-4,4a,6,7,8,8a-hexahydropyrano[3,2-d][1,3]dioxin-6-yl]oxy]-9-(4-hydroxy-3,5-dimethoxyphenyl)-5a,6,8a,9-tetrahydro-5H-[2]benzofuro[6,5-f][1,3]benzodioxol-8-one  ","octanol,water",[H][C@]12COC(=O)[C@]1([H])[C@H](C1=CC(OC)=C(O)C(OC)=C1)C1=CC3=C(OCO3)C=C1[C@H]2O[C@@H]1O[C@]2([H])CO[C@@H](C)O[C@@]2([H])[C@H](O)[C@H]1O,1.97,10.3390/liquids4010011
ezetimibe,"(3R,4S)-1-(4-fluorophenyl)-3-[(3S)-3-(4-fluorophenyl)-3-hydroxypropyl]-4-(4-hydroxyphenyl)azetidin-2-one ","octanol,water",O[C@@H](CC[C@@H]1[C@H](N(C1=O)C1=CC=C(F)C=C1)C1=CC=C(O)C=C1)C1=CC=C(F)C=C1,4.5,10.1093/nar/gkab1062
fenpropathrin,"[cyano-(3-phenoxyphenyl)methyl] 2,2,3,3-tetramethylcyclopropane-1-carboxylate","octanol,water",CC1(C(C1(C)C)C(=O)OC(C#N)C2=CC(=CC=C2)OC3=CC=CC=C3)C,6,10.3390/liquids4010011
finasteride,"N-tert-butyl-9a,11a-dimethyl-7-oxo-1,2,3,3a,3b,4,5,5a,6,9b,10,11-dodecahydroindeno[5,4-f]quinoline-1-carboxamide","octanol,water",CC12CCC3C(C1CCC2C(=O)NC(C)(C)C)CCC4C3(C=CC(=O)N4)C,3.03,10.3390/liquids4010011
fipronil,"5-amino-1-[2,6-dichloro-4-(trifluoromethyl)phenyl]-4-(trifluoromethylsulfinyl)pyrazole-3-carbonitrile","octanol,water",C1=C(C=C(C(=C1Cl)N2C(=C(C(=N2)C#N)S(=O)C(F)(F)F)N)Cl)C(F)(F)F,3.47,10.3390/liquids4010011
fleroxacin,"6,8-difluoro-1-(2-fluoroethyl)-7-(4-methylpiperazin-1-yl)-4-oxoquinoline-3-carboxylic acid","octanol,water",CN1CCN(CC1)C2=C(C=C3C(=C2F)N(C=C(C3=O)C(=O)O)CCF)F,-0.55,10.3390/liquids4010011
flucloxacillin,"6-[[3-(2-chloro-6-fluorophenyl)-5-methyl-1,2-oxazole-4-carbonyl]amino]-3,3-dimethyl-7-oxo-4-thia-1-azabicyclo[3.2.0]heptane-2-carboxylic acid","octanol,water",CC1=C(C(=NO1)C2=C(C=CC=C2Cl)F)C(=O)NC3C4N(C3=O)C(C(S4)(C)C)C(=O)O,2.61,10.3390/liquids4010011
fludrocortisone,"9-fluoro-11,17-dihydroxy-17-(2-hydroxyacetyl)-10,13-dimethyl-1,2,6,7,8,11,12,14,15,16-decahydrocyclopenta[a]phenanthren-3-one","octanol,water",CC12CCC(=O)C=C1CCC3C2(C(CC4(C3CCC4(C(=O)CO)O)C)O)F,1.67,10.3390/liquids4010011
flunarizine,1-[bis(4-fluorophenyl)methyl]-4-(3-phenylprop-2-enyl)piperazine,"octanol,water",C1CN(CCN1CC=CC2=CC=CC=C2)C(C3=CC=C(C=C3)F)C4=CC=C(C=C4)F,5.78,10.3390/liquids4010011
flunisolide,"(1S,2S,4R,8S,9S,11S,12S,13R,19S)-19-fluoro-11-hydroxy-8-(2-hydroxyacetyl)-6,6,9,13-tetramethyl-5,7-dioxapentacyclo[10.8.0.02,9.04,8.013,18]icosa-14,17-dien-16-one ","octanol,water",[H][C@@]12C[C@@]3([H])[C@]4([H])C[C@H](F)C5=CC(=O)C=C[C@]5(C)[C@@]4([H])[C@@H](O)C[C@]3(C)[C@@]1(OC(C)(C)O2)C(=O)CO,1.1,10.1093/nar/gkab1062
fluocinonide,"[2-(12,19-difluoro-11-hydroxy-6,6,9,13-tetramethyl-16-oxo-5,7-dioxapentacyclo[10.8.0.02,9.04,8.013,18]icosa-14,17-dien-8-yl)-2-oxoethyl] acetate","octanol,water",CC(=O)OCC(=O)C12C(CC3C1(CC(C4(C3CC(C5=CC(=O)C=CC54C)F)F)O)C)OC(O2)(C)C,3.19,10.3390/liquids4010011
fluocortolone,"6-fluoro-11-hydroxy-17-(2-hydroxyacetyl)-10,13,16-trimethyl-6,7,8,9,11,12,14,15,16,17-decahydrocyclopenta[a]phenanthren-3-one","octanol,water",CC1CC2C3CC(C4=CC(=O)C=CC4(C3C(CC2(C1C(=O)CO)C)O)C)F,2.06,10.3390/liquids4010011
fluoxetine,N-methyl-3-phenyl-3-[4-(trifluoromethyl)phenoxy]propan-1-amine,"octanol,water",CNCCC(OC1=CC=C(C=C1)C(F)(F)F)C1=CC=CC=C1,4.05,10.1186/s12302-025-01072-2
flupentixol,2-[4-[3-[2-(trifluoromethyl)thioxanthen-9-ylidene]propyl]piperazin-1-yl]ethanol,"octanol,water",C1CN(CCN1CCC=C2C3=CC=CC=C3SC4=C2C=C(C=C4)C(F)(F)F)CCO,4.51,10.3390/liquids4010011
fluphenazinedihydrochloride,2-[4-[3-[2-(trifluoromethyl)phenothiazin-10-yl]propyl]piperazin-1-yl]ethanol,"toluene,water",OCCN4CCN(CCCN2c1ccccc1Sc3ccc(cc23)C(F)(F)F)CC4,4.37,10.1039/D3CP01428B
flusilazole,"bis(4-fluorophenyl)-methyl-(1,2,4-triazol-1-ylmethyl)silane ","octanol,water",C[Si](CN1C=NC=N1)(C1=CC=C(F)C=C1)C1=CC=C(F)C=C1,3.7,10.1093/nar/gkab1062
fluvastatin,"7-[3-(4-fluorophenyl)-1-propan-2-ylindol-2-yl]-3,5-dihydroxyhept-6-enoic acid","octanol,water",CC(C)N1C2=CC=CC=C2C(=C1C=CC(CC(CC(=O)O)O)O)C3=CC=C(C=C3)F,4.17,10.3390/liquids4010011
fomesafen,5-[2-chloro-4-(trifluoromethyl)phenoxy]-N-methylsulfonyl-2-nitrobenzamide,"octanol,water",CS(=O)(=O)NC(=O)C1=C(C=CC(=C1)OC2=C(C=C(C=C2)C(F)(F)F)Cl)[N+](=O)[O-],3,10.3390/liquids4010011
gallicacid,"3,4,5-trihydroxybenzoic acid  ","ethanol,water",C1=C(C=C(C(=C1O)O)O)C(=O)O  ,1.021,10.1016/j.fluid.2010.07.007
gibberellin-a3,"(1R,2R,5S,8S,9S,10R,11S,12S)-5,12-dihydroxy-11-methyl-6-methylidene-16-oxo-15-oxapentacyclo[9.3.2.15,8.01,10.02,8]heptadec-13-ene-9-carboxylic acid","octanol,water",[H][C@@]12CC[C@]3(O)C[C@]1(CC3=C)[C@@H](C(O)=O)[C@]1([H])[C@@]3(C)[C@@H](O)C=C[C@@]21OC3=O,0.24,10.1093/nar/gkab1062
glyburide,5-chloro-N-[2-[4-(cyclohexylcarbamoylsulfamoyl)phenyl]ethyl]-2-methoxybenzamide,"toluene,water",COc1ccc(Cl)cc1C(=O)NCCc2ccc(cc2)S(=O)(=O)NC(=O)NC3CCCCC3,2.79,10.1039/D3CP01428B
glycocholicacid,"2-[[(4R)-4-[(3R,5S,7R,8R,9S,10S,12S,13R,14S,17R)-3,7,12-trihydroxy-10,13-dimethyl-2,3,4,5,6,7,8,9,11,12,14,15,16,17-tetradecahydro-1H-cyclopenta[a]phenanthren-17-yl]pentanoyl]amino]acetic acid  ","octanol,water",C[C@H](CCC(O)=NCC(O)=O)[C@H]1CC[C@H]2[C@@H]3[C@H](O)C[C@@H]4C[C@H](O)CC[C@]4(C)[C@H]3C[C@H](O)[C@]12C,1.65,10.1093/nar/gkab1062
guanosine,"2-amino-9-[(2R,3R,4S,5R)-3,4-dihydroxy-5-(hydroxymethyl)oxolan-2-yl]-1H-purin-6-one ","octanol,water",NC1=NC2=C(N=CN2[C@@H]2O[C@H](CO)[C@@H](O)[C@H]2O)C(=O)N1,-1.9,10.1093/nar/gkab1062
halosulfuron-methyl,"methyl 3-chloro-5-[(4,6-dimethoxypyrimidin-2-yl)carbamoylsulfamoyl]-1-methylpyrazole-4-carboxylate","octanol,water",CN1C(=C(C(=N1)Cl)C(=O)OC)S(=O)(=O)NC(=O)NC2=NC(=CC(=N2)OC)OC,2.9,10.3390/liquids4010011
hexabromobenzene,"1,2,3,4,5,6-hexabromobenzene","octanol,water",BrC1=C(Br)C(Br)=C(Br)C(Br)=C1Br,6.07,10.1186/s12302-025-01072-2
"hexahydro-1-nitroso-3,5-dinitro-1,3,5-triazine","1,3,5-trinitroso-1,3,5-triazinane","chloroform,water",C1N(CN(CN1N=O)N=O)N=O,0.7,10.1016/j.chemosphere.2016.07.028
"hexahydro-1-nitroso-3,5-dinitro-1,3,5-triazine","1,3,5-trinitroso-1,3,5-triazinane","toluene,water",C1N(CN(CN1N=O)N=O)N=O,0.65,10.1016/j.chemosphere.2016.07.028
"hexahydro-1,3-dinitroso-5-nitro-1,3,5-triazine","1-nitro-3,5-dinitroso-1,3,5-triazinane","chloroform,water",C1N(CN(CN1N=O)[N+](=O)[O-])N=O,0.59,10.1016/j.chemosphere.2016.07.028
"hexahydro-1,3-dinitroso-5-nitro-1,3,5-triazine","1-nitro-3,5-dinitroso-1,3,5-triazinane","toluene,water",C1N(CN(CN1N=O)[N+](=O)[O-])N=O,0.47,10.1016/j.chemosphere.2016.07.028
"hexahydro-1,3,5-trinitro-1,3,5-triazacyclohexane","1,3,5-trinitro-1,3,5-triazinane","chloroform,water",C1N(CN(CN1[N+](=O)[O-])[N+](=O)[O-])[N+](=O)[O-],0.71,10.1016/j.chemosphere.2016.07.028
"hexahydro-1,3,5-trinitro-1,3,5-triazacyclohexane","1,3,5-trinitro-1,3,5-triazinane","toluene,water",C1N(CN(CN1[N+](=O)[O-])[N+](=O)[O-])[N+](=O)[O-],0.74,10.1016/j.chemosphere.2016.07.028
"hexahydro-1,3,5-trinitroso-1,3,5-triazine","1,3-dinitro-5-nitroso-1,3,5-triazinane","chloroform,water",C1N(CN(CN1[N+](=O)[O-])[N+](=O)[O-])N=O,0.63,10.1016/j.chemosphere.2016.07.028
"hexahydro-1,3,5-trinitroso-1,3,5-triazine","1,3-dinitro-5-nitroso-1,3,5-triazinane","toluene,water",C1N(CN(CN1[N+](=O)[O-])[N+](=O)[O-])N=O,0.57,10.1016/j.chemosphere.2016.07.028
hydrochlorothiazide,"6-chloro-1,1-dioxo-3,4-dihydro-2H-1lambda6,2,4-benzothiadiazine-7-sulfonamide","octanol,water",NS(=O)(=O)C1=C(Cl)C=C2NCNS(=O)(=O)C2=C1,-0.07,10.1093/nar/gkab1062
hydroxyflutamide,2-hydroxy-2-methyl-N-[4-nitro-3-(trifluoromethyl)phenyl]propanamide,"octanol,water",CC(C)(O)C(=O)NC1=CC(=C(C=C1)[N+]([O-])=O)C(F)(F)F,2.7,10.1186/s12302-025-01072-2
hydroxyzine,2-[2-[4-[(4-chlorophenyl)-phenylmethyl]piperazin-1-yl]ethoxy]ethanol,"octanol,water",C1CN(CCN1CCOCCO)C(C2=CC=CC=C2)C3=CC=C(C=C3)Cl,3.55,10.3390/liquids4010011
hyoscyamine,"[(1S,5R)-8-methyl-8-azabicyclo[3.2.1]octan-3-yl] (2S)-3-hydroxy-2-phenylpropanoate  ","octanol,water",CN1[C@H]2CC[C@@H]1C[C@@H](C2)OC(=O)[C@H](CO)C1=CC=CC=C1,1.8,10.1093/nar/gkab1062
imazosulfuron,"1-(2-chloroimidazo[1,2-a]pyridin-3-yl)sulfonyl-3-(4,6-dimethoxypyrimidin-2-yl)urea","octanol,water",COC1=CC(=NC(=N1)NC(=O)NS(=O)(=O)C2=C(N=C3N2C=CC=C3)Cl)OC,2.7,10.3390/liquids4010011
imipraminehydrochloride,"3-(5,6-dihydrobenzo[b][1]benzazepin-11-yl)-N,N-dimethylpropan-1-amine","toluene,water",CN(C)CCCN2c1ccccc1CCc3ccccc23,5.05,10.1039/D3CP01428B
indometacin,2-[1-(4-chlorobenzoyl)-5-methoxy-2-methylindol-3-yl]acetic acid,"octanol,water",CC1=C(C2=C(N1C(=O)C3=CC=C(C=C3)Cl)C=CC(=C2)OC)CC(=O)O,3.1,10.3390/liquids4010011
iopromide,"1-N,3-N-bis(2,3-dihydroxypropyl)-2,4,6-triiodo-5-[(2-methoxyacetyl)amino]-3-N-methylbenzene-1,3-dicarboxamide","octanol,water",CN(CC(CO)O)C(=O)C1=C(C(=C(C(=C1I)C(=O)NCC(CO)O)I)NC(=O)COC)I,-2.05,10.3390/liquids4010011
ipconazole,"2-[(4-chlorophenyl)methyl]-5-propan-2-yl-1-(1,2,4-triazol-1-ylmethyl)cyclopentan-1-ol","octanol,water",CC(C)C1CCC(CC2=CC=C(Cl)C=C2)C1(O)CN1C=NC=N1,4.21,10.1186/s12302-025-01072-2
isodecyl-diphenyl-phosphate,8-methylnonyl diphenyl phosphate,"octanol,water",CC(C)CCCCCCCOP(=O)(OC1=CC=CC=C1)OC2=CC=CC=C2,5.7,10.3390/liquids4010011
isoprothiolane,"dipropan-2-yl 2-(1,3-dithiolan-2-ylidene)propanedioate  ","octanol,water",CC(C)OC(=O)C(C(=O)OC(C)C)=C1SCCS1,2.88,10.1093/nar/gkab1062
kappa-bifenthrin,"(2-methyl-3-phenylphenyl)methyl 3-(2-chloro-3,3,3-trifluoroprop-1-enyl)-2,2-dimethylcyclopropane-1-carboxylate","octanol,water",CC1=C(C=CC=C1C2=CC=CC=C2)COC(=O)C3C(C3(C)C)C=C(C(F)(F)F)Cl,6.27,10.3390/liquids4010011
kentanserin,"3-[2-[4-(4-fluorobenzoyl)piperidin-1-yl]ethyl]-1H-quinazoline-2,4-dione","octanol,water",C1CN(CCC1C(=O)C2=CC=C(C=C2)F)CCN3C(=O)C4=CC=CC=C4NC3=O,3.01,10.3390/liquids4010011
ketoconazole,"1-[4-[4-[[(2S,4R)-2-(2,4-dichlorophenyl)-2-(imidazol-1-ylmethyl)-1,3-dioxolan-4-yl]methoxy]phenyl]piperazin-1-yl]ethanone","octanol,water",CC(=O)N1CCN(CC1)C1=CC=C(OC[C@@H]2CO[C@](CN3C=CN=C3)(O2)C2=CC=C(Cl)C=C2Cl)C=C1,4.35,10.1093/nar/gkab1062
ketoprofen,2-(3-benzoylphenyl)propanoic acid,"toluene,water",CC(C(O)=O)c1cccc(c1)C(=O)c2ccccc2,2.47,10.1039/D3CP01428B
lacidipine,"diethyl 2,6-dimethyl-4-[2-[3-[(2-methylpropan-2-yl)oxy]-3-oxoprop-1-enyl]phenyl]-1,4-dihydropyridine-3,5-dicarboxylate","octanol,water",CCOC(=O)C1=C(NC(=C(C1C2=CC=CC=C2C=CC(=O)OC(C)(C)C)C(=O)OCC)C)C,5.56,10.3390/liquids4010011
lactulose,"(2S,3R,4S,5R,6R)-2-[(2R,3S,4S,5R)-4,5-dihydroxy-2,5-bis(hydroxymethyl)oxolan-3-yl]oxy-6-(hydroxymethyl)oxane-3,4,5-triol  ","octanol,water",OC[C@H]1O[C@](O)(CO)[C@@H](O)[C@@H]1O[C@@H]1O[C@H](CO)[C@H](O)[C@H](O)[C@H]1O,-4.3,10.1093/nar/gkab1062
ledipasvir,"methyl N-[(2S)-1-[(6S)-6-[5-[9,9-difluoro-7-[2-[(1R,3S,4S)-2-[(2S)-2-(methoxycarbonylamino)-3-methylbutanoyl]-2-azabicyclo[2.2.1]heptan-3-yl]-3H-benzimidazol-5-yl]fluoren-2-yl]-1H-imidazol-2-yl]-5-azaspiro[2.4]heptan-5-yl]-3-methyl-1-oxobutan-2-yl]carbamate ","octanol,water",CC(C)[C@@H](C(=O)N1CC2(CC2)C[C@H]1C3=NC=C(N3)C4=CC5=C(C=C4)C6=C(C5(F)F)C=C(C=C6)C7=CC8=C(C=C7)N=C(N8)[C@@H]9[C@H]1CC[C@H](C1)N9C(=O)[C@H](C(C)C)NC(=O)OC)NC(=O)OC  ,3.8,10.1093/nar/gkj067
levofloxacin,"7-fluoro-2-methyl-6-(4-methylpiperazin-1-yl)-10-oxo-4-oxa-1-azatricyclo[7.3.1.05,13]trideca-5(13),6,8,11-tetraene-11-carboxylic acid","octanol,water",CC1COC2=C3N1C=C(C(=O)C3=CC(=C2N4CCN(CC4)C)F)C(=O)O,-0.28,10.3390/liquids4010011
levopropicillin,"3,3-dimethyl-7-oxo-6-(2-phenoxybutanoylamino)-4-thia-1-azabicyclo[3.2.0]heptane-2-carboxylic acid","octanol,water",CCC(C(=O)NC1C2N(C1=O)C(C(S2)(C)C)C(=O)O)OC3=CC=CC=C3,2.65,10.3390/liquids4010011
levopropoxyphene,"[4-(dimethylamino)-3-methyl-1,2-diphenylbutan-2-yl] propanoate","octanol,water",CCC(=O)OC(CC1=CC=CC=C1)(C2=CC=CC=C2)C(C)CN(C)C,4.4,10.3390/liquids4010011
levothyroxine,"methyl (1R,9R,10S,11R,12R,19R)-11-acetyloxy-12-ethyl-4-[(12S,14R)-16-ethyl-12-methoxycarbonyl-1,10-diazatetracyclo[12.3.1.03,11.04,9]octadeca-3(11),4,6,8,15-pentaen-12-yl]-10-hydroxy-5-methoxy-8-methyl-8,16-diazapentacyclo[10.6.1.01,9.02,7.016,19]nonadeca-2,4,6,13-tetraene-10-carboxylate","octanol,water",CCC1=C[C@H]2C[C@@](C3=C(CN(C2)C1)C4=CC=CC=C4N3)(C5=C(C=C6C(=C5)[C@]78CCN9[C@H]7[C@@](C=CC9)([C@H]([C@@]([C@@H]8N6C)(C(=O)OC)O)OC(=O)C)CC)OC)C(=O)OC  ,4,10.1093/nar/gkj067
lidoflazine,"2-[4-[4,4-bis(4-fluorophenyl)butyl]piperazin-1-yl]-N-(2,6-dimethylphenyl)acetamide","octanol,water",CC1=C(C(=CC=C1)C)NC(=O)CN2CCN(CC2)CCCC(C3=CC=C(C=C3)F)C4=CC=C(C=C4)F,5.6,10.3390/liquids4010011
lincomycin,"N-[2-hydroxy-1-(3,4,5-trihydroxy-6-methylsulfanyloxan-2-yl)propyl]-1-methyl-4-propylpyrrolidine-2-carboxamide","octanol,water",CCCC1CC(N(C1)C)C(=O)NC(C2C(C(C(C(O2)SC)O)O)O)C(C)O,0.2,10.3390/liquids4010011
lindan,"1,2,3,4,5,6-hexachlorocyclohexane","octanol,water",Cl[C@H]1[C@H](Cl)[C@@H](Cl)[C@@H](Cl)[C@H](Cl)[C@H]1Cl,3.776,10.1186/s12302-025-01072-2
lindane,"1,2,3,4,5,6-hexachlorocyclohexane  ","octanol,water",[H][C@]1(Cl)[C@]([H])(Cl)[C@@]([H])(Cl)[C@@]([H])(Cl)[C@]([H])(Cl)[C@@]1([H])Cl,3.8,10.1093/nar/gkab1062
lomefloxacin,"1-ethyl-6,8-difluoro-7-(3-methylpiperazin-1-yl)-4-oxoquinoline-3-carboxylic acid","octanol,water",CCN1C=C(C(=O)C2=CC(=C(C(=C21)F)N3CCNC(C3)C)F)C(=O)O,-0.8,10.3390/liquids4010011
loratadine,"ethyl 4-(13-chloro-4-azatricyclo[9.4.0.03,8]pentadeca-1(11),3(8),4,6,12,14-hexaen-2-ylidene)piperidine-1-carboxylate","octanol,water",CCOC(=O)N1CCC(=C2C3=C(CCC4=C2N=CC=C4)C=C(C=C3)Cl)CC1,5.2,10.3390/liquids4010011
lornoxicam,"6-chloro-4-hydroxy-2-methyl-1,1-dioxo-N-pyridin-2-ylthieno[2,3-e]thiazine-3-carboxamide","octanol,water",CN1\C(=C(\O)NC2=CC=CC=N2)C(=O)C2=C(C=C(Cl)S2)S1(=O)=O,2.62,10.1093/nar/gkab1062
mesoridazine,10-[2-(1-methylpiperidin-2-yl)ethyl]-2-methylsulfinylphenothiazine,"octanol,water",CN1CCCCC1CCN2C3=CC=CC=C3SC4=C2C=C(C=C4)S(=O)C,3.05,10.3390/liquids4010011
metconazole,"5-[(4-chlorophenyl)methyl]-2,2-dimethyl-1-(1,2,4-triazol-1-ylmethyl)cyclopentan-1-ol","octanol,water",CC1(C)CCC(CC2=CC=C(Cl)C=C2)C1(O)CN1C=NC=N1,3.866,10.1186/s12302-025-01072-2
methicillin,"6-[(2,6-dimethoxybenzoyl)amino]-3,3-dimethyl-7-oxo-4-thia-1-azabicyclo[3.2.0]heptane-2-carboxylic acid","octanol,water",CC1(C(N2C(S1)C(C2=O)NC(=O)C3=C(C=CC=C3OC)OC)C(=O)O)C,1.3,10.3390/liquids4010011
methoxychlor,"1-methoxy-4-[2,2,2-trichloro-1-(4-methoxyphenyl)ethyl]benzene","octanol,water",COC1=CC=C(C=C1)C(C1=CC=C(OC)C=C1)C(Cl)(Cl)Cl,5.08,10.1186/s12302-025-01072-2
methyl-abietate,"methyl (1R,4aR,4bR,10aR)-1,4a-dimethyl-7-propan-2-yl-2,3,4,4b,5,6,10,10a-octahydrophenanthrene-1-carboxylate  ","octanol,water",CC(C)C1=CC2=CC[C@@H]3[C@@]([C@H]2CC1)(CCC[C@@]3(C)C(=O)OC)C  ,6.9,10.1016/j.chroma.2023.464213
methylergonovine,"(6aR,9R)-N-[(2S)-1-hydroxybutan-2-yl]-7-methyl-6,6a,8,9-tetrahydro-4H-indolo[4,3-fg]quinoline-9-carboxamide  ","octanol,water",[H][C@@]12CC3=CNC4=CC=CC(=C34)C1=C[C@H](CN2C)C(=O)N[C@@H](CC)CO,1.2,10.1093/nar/gkab1062
metrizamide,"3-acetamido-5-[acetyl(methyl)amino]-2,4,6-triiodo-N-[(3R,4R,5S,6R)-2,4,5-trihydroxy-6-(hydroxymethyl)oxan-3-yl]benzamide  ","octanol,water",CN(C(C)=O)C1=C(I)C(C(=O)N[C@H]2C(O)O[C@H](CO)[C@@H](O)[C@@H]2O)=C(I)C(NC(C)=O)=C1I,-1.89,10.1093/nar/gkab1062
mirex,"1,2,3,4,5,5,6,7,8,9,10,10-dodecachloropentacyclo[5.3.0.02,6.03,9.04,8]decane","octanol,water",ClC12C3(Cl)C4(Cl)C5(Cl)C(Cl)(C1(Cl)C4(Cl)Cl)C2(Cl)C(Cl)(Cl)C35Cl,6.948,10.1186/s12302-025-01072-2
monacolin-k,"[8-[2-(4-hydroxy-6-oxooxan-2-yl)ethyl]-3,7-dimethyl-1,2,3,7,8,8a-hexahydronaphthalen-1-yl] 2-methylbutanoate","octanol,water",CCC(C)C(=O)OC1CC(C=C2C1C(C(C=C2)C)CCC3CC(CC(=O)O3)O)C,4.26,10.3390/liquids4010011
moracizine,ethyl N-[10-(3-morpholin-4-ylpropanoyl)phenothiazin-2-yl]carbamate,"octanol,water",CCOC(=O)NC1=CC2=C(C=C1)SC3=CC=CC=C3N2C(=O)CCN4CCOCC4,2.98,10.3390/liquids4010011
morphine,"(4R,4aR,7S,7aR,12bS)-3-methyl-2,4,4a,7,7a,13-hexahydro-1H-4,12-methanobenzofuro[3,2-e]isoquinoline-7,9-diol  ","octanol,water",[H][C@@]12OC3=C(O)C=CC4=C3[C@@]11CCN(C)[C@]([H])(C4)[C@]1([H])C=C[C@@H]2O,0.8,10.1093/nar/gkab1062
moxifloxacin,"7-[(4aS,7aS)-1,2,3,4,4a,5,7,7a-octahydropyrrolo[3,4-b]pyridin-6-yl]-1-cyclopropyl-6-fluoro-8-methoxy-4-oxoquinoline-3-carboxylic acid  ","octanol,water",[H][C@]12CN(C[C@@]1([H])NCCC2)C1=C(F)C=C2C(=O)C(=CN(C3CC3)C2=C1OC)C(O)=O,2.9,10.1093/nar/gkab1062
myclobutanil,"2-(4-chlorophenyl)-2-(1,2,4-triazol-1-ylmethyl)hexanenitrile","octanol,water",CCCCC(CN1C=NC=N1)(C#N)C1=CC=C(Cl)C=C1,2.94,10.1186/s12302-025-01072-2
n-acetylmannosamine-6p,"[(2R,3S,4R,5S,6R)-5-acetamido-3,4,6-trihydroxyoxan-2-yl]methyl dihydrogen phosphate  ","octanol,water",CC(=O)N[C@@H]1[C@H](O)O[C@H](COP(O)(O)=O)[C@@H](O)[C@@H]1O,-2.1,10.1093/nar/gkab1062
nalidixicacid,"1-ethyl-7-methyl-4-oxo-1,8-naphthyridine-3-carboxylic acid","toluene,water",CCn1cc(C(O)=O)c(=O)c2ccc(C)nc12,1.46,10.1039/D3CP01428B
naringin,"(2S)-7-[(2S,3R,4S,5S,6R)-4,5-dihydroxy-6-(hydroxymethyl)-3-[(2S,3R,4R,5R,6S)-3,4,5-trihydroxy-6-methyloxan-2-yl]oxyoxan-2-yl]oxy-5-hydroxy-2-(4-hydroxyphenyl)-2,3-dihydrochromen-4-one  ","octanol,water",C[C@@H]1O[C@@H](O[C@@H]2[C@@H](O)[C@H](O)[C@@H](CO)O[C@H]2OC2=CC(O)=C3C(=O)C[C@H](OC3=C2)C2=CC=C(O)C=C2)[C@H](O)[C@H](O)[C@H]1O,-0.44,10.1093/nar/gkab1062
natamycin,"(1R,3S,5R,7R,8E,12R,14E,16E,18E,22R,24S,25R,26S)-22-[(3S,4S,5S,6R)-4-amino-3,5-dihydroxy-6-methyloxan-2-yl]oxy-1,3,26-trihydroxy-12-methyl-10-oxo-6,11,28-trioxatricyclo[22.3.1.05,7]octacosa-8,14,16,18,20-pentaene-25-carboxylic acid  ","octanol,water",C[C@H]1OC(O[C@@H]2C[C@@H]3O[C@@](O)(C[C@H](O)[C@H]3C(O)=O)C[C@@H](O)C[C@H]3O[C@@H]3\C=C\C(=O)O[C@H](C)C\C=C\C=C\C=C\C=C\2)[C@@H](O)[C@@H](N)[C@@H]1O,1.1,10.1093/nar/gkab1062
nebivolol,"1-(6-fluoro-3,4-dihydro-2H-chromen-2-yl)-2-[[2-(6-fluoro-3,4-dihydro-2H-chromen-2-yl)-2-hydroxyethyl]amino]ethanol","octanol,water",C1CC2=C(C=CC(=C2)F)OC1C(CNCC(C3CCC4=C(O3)C=CC(=C4)F)O)O,4.04,10.3390/liquids4010011
nedocromil,"9-ethyl-4,6-dioxo-10-propylpyrano[3,2-g]quinoline-2,8-dicarboxylic acid","octanol,water",CCCC1=C2C(=CC3=C1OC(=CC3=O)C(=O)O)C(=O)C=C(N2CC)C(=O)O,2.22,10.3390/liquids4010011
nevirapine,"2-cyclopropyl-7-methyl-2,4,9,15-tetrazatricyclo[9.4.0.03,8]pentadeca-1(11),3,5,7,12,14-hexaen-10-one  ","octanol,water",CC1=C2NC(=O)C3=C(N=CC=C3)N(C3CC3)C2=NC=C1,2.5,10.1093/nar/gkab1062
nicosulfuron,"2-[(4,6-dimethoxypyrimidin-2-yl)carbamoylsulfamoyl]-N,N-dimethylpyridine-3-carboxamide","octanol,water",CN(C)C(=O)C1=C(N=CC=C1)S(=O)(=O)NC(=O)NC2=NC(=CC(=N2)OC)OC,0.5,10.3390/liquids4010011
nicotine-1-n-oxide,3-(1-methyl-1-oxidopyrrolidin-1-ium-2-yl)pyridine  ,"octanol,water",C[N+]1([O-])CCCC1C1=CN=CC=C1,1.17,10.1093/nar/gkab1062
"octahydro-1,3,5,7-tetranitro-1,3,5,7-tetraazacyclooctane","1,3,5,7-tetranitro-1,3,5,7-tetrazocane","chloroform,water",C1N(CN(CN(CN1[N+](=O)[O-])[N+](=O)[O-])[N+](=O)[O-])[N+](=O)[O-],-0.66,10.1016/j.chemosphere.2016.07.028
"octahydro-1,3,5,7-tetranitro-1,3,5,7-tetraazacyclooctane","1,3,5,7-tetranitro-1,3,5,7-tetrazocane","toluene,water",C1N(CN(CN(CN1[N+](=O)[O-])[N+](=O)[O-])[N+](=O)[O-])[N+](=O)[O-],0.06,10.1016/j.chemosphere.2016.07.028
octamethylcyclotetrasiloxane-d4,"2,2,4,4,6,6,8,8-octamethyl-1,3,5,7,2,4,6,8-tetraoxatetrasilocane","octanol,water",C[Si]1(C)O[Si](C)(C)O[Si](C)(C)O[Si](C)(C)O1,5.978,10.1186/s12302-025-01072-2
omeprazole,"6-methoxy-2-[(4-methoxy-3,5-dimethylpyridin-2-yl)methylsulfinyl]-1H-benzimidazole  ","octanol,water",COC1=CC2=C(C=C1)N=C(N2)S(=O)CC1=NC=C(C)C(OC)=C1C,2.23,10.1093/nar/gkab1062
oxacillin,"3,3-dimethyl-6-[(5-methyl-3-phenyl-1,2-oxazole-4-carbonyl)amino]-7-oxo-4-thia-1-azabicyclo[3.2.0]heptane-2-carboxylic acid","octanol,water",CC1=C(C(=NO1)C2=CC=CC=C2)C(=O)NC3C4N(C3=O)C(C(S4)(C)C)C(=O)O,2.38,10.3390/liquids4010011
p-isopropylphenyl-diphenyl-phosphate,diphenyl (4-propan-2-ylphenyl) phosphate,"octanol,water",CC(C)C1=CC=C(C=C1)OP(=O)(OC2=CC=CC=C2)OC3=CC=CC=C3,5.7,10.3390/liquids4010011
p-terphenyl,"1,4-diphenylbenzene  ","octanol,water",C1=CC=C(C=C1)C2=CC=C(C=C2)C3=CC=CC=C3  ,5.63,10.1016/j.chroma.2023.464213
palonosetron,"(3aR)-2-[(3S)-1-azabicyclo[2.2.2]octan-3-yl]-3a,4,5,6-tetrahydro-3H-benzo[de]isoquinolin-1-one  ","octanol,water",[H][C@@]12CCCC3=C1C(=CC=C3)C(=O)N(C2)[C@@H]1CN2CCC1CC2,2.7,10.1093/nar/gkab1062
papaverine,"1-[(3,4-dimethoxyphenyl)methyl]-6,7-dimethoxyisoquinoline","octanol,water",COC1=C(C=C(C=C1)CC2=NC=CC3=CC(=C(C=C32)OC)OC)OC,2.95,10.3390/liquids4010011
paracetamol,N-(4-hydroxyphenyl)acetamide,"toluene,water",CC(=O)Nc1ccc(O)cc1,-1.59,10.1039/D3CP01428B
pcb-153,"1,2,4-trichloro-5-(2,4,5-trichlorophenyl)benzene","octanol,water",ClC1=CC(Cl)=C(C=C1Cl)C1=CC(Cl)=C(Cl)C=C1Cl,6.801,10.1186/s12302-025-01072-2
pcb-77,"1,2-dichloro-4-(3,4-dichlorophenyl)benzene","octanol,water",ClC1=C(Cl)C=C(C=C1)C1=CC(Cl)=C(Cl)C=C1,6.63,10.1186/s12302-025-01072-2
perchlorobiphenyl,"1,2,3,4,5-pentachloro-6-(2,3,4,5,6-pentachlorophenyl)benzene","octanol,water",C1(=C(C(=C(C(=C1Cl)Cl)Cl)Cl)Cl)C2=C(C(=C(C(=C2Cl)Cl)Cl)Cl)Cl,8.27,10.3390/liquids4010011
permethrin,"(3-phenoxyphenyl)methyl 3-(2,2-dichloroethenyl)-2,2-dimethylcyclopropane-1-carboxylate  ","octanol,water",CC1(C)C(C=C(Cl)Cl)C1C(=O)OCC1=CC(OC2=CC=CC=C2)=CC=C1,6.5,10.1093/nar/gkab1062
perphenazine,2-[4-[3-(2-chlorophenothiazin-10-yl)propyl]piperazin-1-yl]ethanol,"octanol,water",C1CN(CCN1CCCN2C3=CC=CC=C3SC4=C2C=C(C=C4)Cl)CCO,4.2,10.3390/liquids4010011
perylene,perylene,"ethanol,water",C1=CC2=C3C(=C1)C4=CC=CC5=C4C(=CC=C5)C3=CC=C2  ,5.88,10.1016/j.fluid.2010.07.007
pfhxs,"1,1,2,2,3,3,4,4,5,5,6,6,6-tridecafluorohexane-1-sulfonic acid","octanol,water",OS(=O)(=O)C(F)(F)C(F)(F)C(F)(F)C(F)(F)C(F)(F)C(F)(F)F,2.2,10.1186/s12302-025-01072-2
pfos,"1,1,2,2,3,3,4,4,5,5,6,6,7,7,8,8,8-heptadecafluorooctane-1-sulfonic acid","octanol,water",OS(=O)(=O)C(F)(F)C(F)(F)C(F)(F)C(F)(F)C(F)(F)C(F)(F)C(F)(F)C(F)(F)F,5.555,10.1186/s12302-025-01072-2
pheneticillin,"3,3-dimethyl-7-oxo-6-(2-phenoxypropanoylamino)-4-thia-1-azabicyclo[3.2.0]heptane-2-carboxylic acid","octanol,water",CC(C(=O)NC1C2N(C1=O)C(C(S2)(C)C)C(=O)O)OC3=CC=CC=C3,2.28,10.3390/liquids4010011
phenserine,"(3,4,8b-trimethyl-2,3a-dihydro-1H-pyrrolo[2,3-b]indol-7-yl) N-phenylcarbamate","octanol,water",CC12CCN(C1N(C3=C2C=C(C=C3)OC(=O)NC4=CC=CC=C4)C)C,4.19,10.3390/liquids4010011
phenthoate,ethyl 2-dimethoxyphosphinothioylsulfanyl-2-phenylacetate,"octanol,water",CCOC(=O)C(SP(=S)(OC)OC)C1=CC=CC=C1,3.69,10.1186/s12302-025-01072-2
phoxim,(Z)-N-diethoxyphosphinothioyloxybenzenecarboximidoyl cyanide,"octanol,water",CCOP(=S)(OCC)ON=C(C#N)C1=CC=CC=C1,4.104,10.1186/s12302-025-01072-2
pimecrolimus,"(1R,9S,12S,13S,14S,17R,18Z,21S,23S,24R,25S,27R)-12-[(E)-1-[(1R,3R,4S)-4-chloro-3-methoxycyclohexyl]prop-1-en-2-yl]-17-ethyl-1,14-dihydroxy-23,25-dimethoxy-13,19,21,27-tetramethyl-11,28-dioxa-4-azatricyclo[22.3.1.04,9]octacos-18-ene-2,3,10,16-tetrone  ","octanol,water",[H][C@]12O[C@](O)([C@H](C)C[C@@H]1OC)C(=O)C(=O)N1CCCC[C@@]1([H])C(=O)O[C@@H]([C@@H](C)[C@@H](O)CC(=O)[C@H](CC)\C=C(C)/C[C@H](C)C[C@@H]2OC)C(\C)=C\[C@@H]1CC[C@H](Cl)[C@@H](C1)OC,4.4,10.1093/nar/gkab1062
pimozide,"3-[1-[4,4-bis(4-fluorophenyl)butyl]piperidin-4-yl]-1H-benzimidazol-2-one  ","octanol,water",C1CN(CCC1N2C3=CC=CC=C3NC2=O)CCCC(C4=CC=C(C=C4)F)C5=CC=C(C=C5)F,6.3,10.3390/liquids4010011
pindolol,1-(1H-indol-4-yloxy)-3-(propan-2-ylamino)propan-2-ol,"toluene,water",CC(C)NCC(O)COc1cccc2[nH]ccc12,0.36,10.1039/D3CP01428B
pipamperone,1-[4-(4-fluorophenyl)-4-oxobutyl]-4-piperidin-1-ylpiperidine-4-carboxamide,"octanol,water",C1CCN(CC1)C2(CCN(CC2)CCCC(=O)C3=CC=C(C=C3)F)C(=O)N,2.02,10.3390/liquids4010011
pipracil,"6-[[2-[(4-ethyl-2,3-dioxopiperazine-1-carbonyl)amino]-2-phenylacetyl]amino]-3,3-dimethyl-7-oxo-4-thia-1-azabicyclo[3.2.0]heptane-2-carboxylic acid","octanol,water",CCN1CCN(C(=O)C1=O)C(=O)NC(C2=CC=CC=C2)C(=O)NC3C4N(C3=O)C(C(S4)(C)C)C(=O)O,0.5,10.3390/liquids4010011
pirenzepine,"11-[2-(4-methylpiperazin-1-yl)acetyl]-5H-pyrido[2,3-b][1,4]benzodiazepin-6-one","octanol,water",CN1CCN(CC1)CC(=O)N2C3=CC=CC=C3C(=O)NC4=C2N=CC=C4,0.6,10.3390/liquids4010011
piretanide,4-phenoxy-3-pyrrolidin-1-yl-5-sulfamoylbenzoic acid,"octanol,water",C1CCN(C1)C2=C(C(=CC(=C2)C(=O)O)S(=O)(=O)N)OC3=CC=CC=C3,1.5,10.3390/liquids4010011
podophyllotoxin,"(5R,5aR,8aR,9R)-5-hydroxy-9-(3,4,5-trimethoxyphenyl)-5a,6,8a,9-tetrahydro-5H-[2]benzofuro[5,6-f][1,3]benzodioxol-8-one","ethanol,water",COC1=CC(=CC(=C1OC)OC)[C@H]2[C@@H]3[C@H](COC3=O)[C@H](C4=CC5=C(C=C24)OCO5)O  ,1.683,10.1016/j.fluid.2010.07.007
prednisolone,"11,17-dihydroxy-17-(2-hydroxyacetyl)-10,13-dimethyl-7,8,9,11,12,14,15,16-octahydro-6H-cyclopenta[a]phenanthren-3-one","octanol,water",CC12CC(C3C(C1CCC2(C(=O)CO)O)CCC4=CC(=O)C=CC34C)O,1.62,10.3390/liquids4010011
prednisone,"17-hydroxy-17-(2-hydroxyacetyl)-10,13-dimethyl-6,7,8,9,12,14,15,16-octahydrocyclopenta[a]phenanthrene-3,11-dione","octanol,water",CC12CC(=O)C3C(C1CCC2(C(=O)CO)O)CCC4=CC(=O)C=CC34C,1.47,10.3390/liquids4010011
prochloraz,"N-propyl-N-[2-(2,4,6-trichlorophenoxy)ethyl]imidazole-1-carboxamide","octanol,water",CCCN(CCOC1=C(Cl)C=C(Cl)C=C1Cl)C(=O)N1C=CN=C1,4.1,10.1186/s12302-025-01072-2
progesterone,"(8S,9S,10R,13S,14S,17S)-17-acetyl-10,13-dimethyl-1,2,6,7,8,9,11,12,14,15,16,17-dodecahydrocyclopenta[a]phenanthren-3-one  ","octanol,water",CC(=O)[C@H]1CC[C@@H]2[C@@]1(CC[C@H]3[C@H]2CCC4=CC(=O)CC[C@]34C)C  ,3.87,10.1016/j.chroma.2023.464213
propiconazole,"1-[[2-(2,4-dichlorophenyl)-4-propyl-1,3-dioxolan-2-yl]methyl]-1,2,4-triazole","octanol,water",CCCC1COC(CN2C=NC=N2)(O1)C1=C(Cl)C=C(Cl)C=C1,3.72,10.1186/s12302-025-01072-2
prostaglandin-f2a,"7-[3,5-dihydroxy-2-(3-hydroxyoct-1-enyl)cyclopentyl]hept-5-enoic acid","octanol,water",CCCCCC(C=CC1C(CC(C1CC=CCCCC(=O)O)O)O)O,2.28,10.3390/liquids4010011
prosulfuron,"1-(4-methoxy-6-methyl-1,3,5-triazin-2-yl)-3-[2-(3,3,3-trifluoropropyl)phenyl]sulfonylurea","octanol,water",CC1=NC(=NC(=N1)OC)NC(=O)NS(=O)(=O)C2=CC=CC=C2CCC(F)(F)F,2.8,10.3390/liquids4010011
quatrimycin,"4-(dimethylamino)-1,6,10,11,12a-pentahydroxy-6-methyl-3,12-dioxo-4,4a,5,5a-tetrahydrotetracene-2-carboxamide","octanol,water",CC1(C2CC3C(C(=O)C(=C(C3(C(=O)C2=C(C4=C1C=CC=C4O)O)O)O)C(=O)N)N(C)C)O,-1.47,10.3390/liquids4010011
quazepam,"7-chloro-5-(2-fluorophenyl)-1-(2,2,2-trifluoroethyl)-3H-1,4-benzodiazepine-2-thione","octanol,water",C1C(=S)N(C2=C(C=C(C=C2)Cl)C(=N1)C3=CC=CC=C3F)CC(F)(F)F,4.03,10.3390/liquids4010011
quercitrin,"2-(3,4-dihydroxyphenyl)-5,7-dihydroxy-3-(3,4,5-trihydroxy-6-methyloxan-2-yl)oxychromen-4-one","octanol,water",CC1C(C(C(C(O1)OC2=C(OC3=CC(=CC(=C3C2=O)O)O)C4=CC(=C(C=C4)O)O)O)O)O,0.802,10.3390/liquids4010011
quinine,(5-ethenyl-1-azabicyclo[2.2.2]octan-2-yl)-(6-methoxyquinolin-4-yl)methanol,"toluene,water",COc4ccc3nccc(C(O)C1CC2CCN1CC2C=C)c3c4,1.41,10.1039/D3CP01428B
quinine,(5-ethenyl-1-azabicyclo[2.2.2]octan-2-yl)-(6-methoxyquinolin-4-yl)methanol,"octanol,water",COc4ccc3nccc(C(O)C1CC2CCN1CC2C=C)c3c4,3.28,10.1016/j.chroma.2023.464213
rescinnamine,"methyl (1R,15S,17R,18R,19S,20S)-6,18-dimethoxy-17-[3-(3,4,5-trimethoxyphenyl)prop-2-enoyloxy]-1,3,11,12,14,15,16,17,18,19,20,21-dodecahydroyohimban-19-carboxylate  ","octanol,water",[H][C@]12C[C@@H](OC(=O)C=CC3=CC(OC)=C(OC)C(OC)=C3)[C@H](OC)[C@@H](C(=O)OC)[C@@]1([H])C[C@@]1([H])N(CCC3=C1NC1=C3C=CC(OC)=C1)C2,3.5,10.1093/nar/gkab1062
reserpine,"methyl (1R,15S,17R,18R,19S,20S)-6,18-dimethoxy-17-(3,4,5-trimethoxybenzoyl)oxy-1,3,11,12,14,15,16,17,18,19,20,21-dodecahydroyohimban-19-carboxylate","octanol,water",[H][C@]12C[C@@H](OC(=O)C3=CC(OC)=C(OC)C(OC)=C3)[C@H](OC)[C@@H](C(=O)OC)[C@@]1([H])C[C@@]1([H])N(CCC3=C1NC1=C3C=CC(OC)=C1)C2,3.2,10.1093/nar/gkab1062
retinol,"(2E,4E,6E,8E)-3,7-dimethyl-9-(2,6,6-trimethylcyclohexen-1-yl)nona-2,4,6,8-tetraen-1-ol  ","octanol,water",C\C(=C/CO)\C=C\C=C(/C)\C=C\C1=C(C)CCCC1(C)C,5.68,10.1093/nar/gkab1062
riboflavin,"7,8-dimethyl-10-[(2S,3S,4R)-2,3,4,5-tetrahydroxypentyl]benzo[g]pteridine-2,4-dione  ","octanol,water",CC1=C(C)C=C2N(C[C@H](O)[C@H](O)[C@H](O)CO)C3=NC(=O)NC(=O)C3=NC2=C1,-1.46,10.1093/nar/gkab1062
rifabutin,"[(7S,11S,12R,13S,14R,15R,16R,17S,18S,19Z,21Z)-2,15,17,32-tetrahydroxy-11-methoxy-3,7,12,14,16,18,22-heptamethyl-1'-(2-methylpropyl)-6,23-dioxospiro[8,33-dioxa-24,27,29-triazapentacyclo[23.6.1.14,7.05,31.026,30]tritriaconta-1(31),2,4,9,19,21,25(32),26,29-nonaene-28,4'-piperidine]-13-yl] acetate  ","octanol,water",C[C@H]1/C=C\C=C(/C(=O)NC2=C(C3=C(C4=C(C(=C3O)C)O[C@@](C4=O)(OC=C[C@@H]([C@H]([C@H]([C@@H]([C@@H]([C@@H]([C@H]1O)C)O)C)OC(=O)C)C)OC)C)C5=NC6(CCN(CC6)CC(C)C)N=C25)O)\C  ,4.1,10.1093/nar/gkab1062
rifamycin,"[(7S,9E,11S,12R,13S,14R,15R,16R,17S,18S,19E,21Z)-2,15,17,27,29-pentahydroxy-11-methoxy-3,7,12,14,16,18,22-heptamethyl-6,23-dioxo-8,30-dioxa-24-azatetracyclo[23.3.1.14,7.05,28]triaconta-1(29),2,4,9,19,21,25,27-octaen-13-yl] acetate","octanol,water",C[C@H]1/C=C/C=C(\C(=O)NC2=CC(=C3C(=C2O)C(=C(C4=C3C(=O)[C@](O4)(O/C=C/[C@@H]([C@H]([C@H]([C@@H]([C@@H]([C@@H]([C@H]1O)C)O)C)OC(=O)C)C)OC)C)C)O)O)/C  ,5,10.1093/nar/gkj067
rosamicin,"2-[9-[4-(dimethylamino)-3-hydroxy-6-methyloxan-2-yl]oxy-3-ethyl-7-hydroxy-2,8,12,16-tetramethyl-5,13-dioxo-4,17-dioxabicyclo[14.1.0]heptadec-14-en-10-yl]acetaldehyde","octanol,water",CCC1C(C2C(O2)(C=CC(=O)C(CC(C(C(C(CC(=O)O1)O)C)OC3C(C(CC(O3)C)N(C)C)O)CC=O)C)C)C,2.19,10.3390/liquids4010011
simvastatin,"[8-[2-(4-hydroxy-6-oxooxan-2-yl)ethyl]-3,7-dimethyl-1,2,3,7,8,8a-hexahydronaphthalen-1-yl] 2,2-dimethylbutanoate","octanol,water",CCC(C)(C)C(=O)OC1CC(C=C2C1C(C(C=C2)C)CCC3CC(CC(=O)O3)O)C,4.68,10.3390/liquids4010011
stugeron,1-benzhydryl-4-(3-phenylprop-2-enyl)piperazine,"octanol,water",C1CN(CCN1CC=CC2=CC=CC=C2)C(C3=CC=CC=C3)C4=CC=CC=C4,5.77,10.3390/liquids4010011
sucinnicacid,Butanedioic acid,"ethanol,water",C(CC(=O)O)C(=O)O,-0.004,10.1016/j.fluid.2010.07.007
sucrose,"(2R,3R,4S,5S,6R)-2-[(2S,3S,4S,5R)-3,4-dihydroxy-2,5-bis(hydroxymethyl)oxolan-2-yl]oxy-6-(hydroxymethyl)oxane-3,4,5-triol  ","octanol,water",OC[C@H]1O[C@@](CO)(O[C@H]2O[C@H](CO)[C@@H](O)[C@H](O)[C@H]2O)[C@@H](O)[C@@H]1O,-3.7,10.1093/nar/gkab1062
sufentanil,N-[4-(methoxymethyl)-1-(2-thiophen-2-ylethyl)piperidin-4-yl]-N-phenylpropanamide,"octanol,water",CCC(=O)N(C1=CC=CC=C1)C2(CCN(CC2)CCC3=CC=CS3)COC,3.95,10.3390/liquids4010011
sulfamethazine,"4-amino-N-(4,6-dimethylpyrimidin-2-yl)benzenesulfonamide","toluene,water",Cc2cc(C)nc(NS(=O)(=O)c1ccc(N)cc1)n2,-0.74,10.1039/D3CP01428B
sulfinpyrazone,"4-[2-(benzenesulfinyl)ethyl]-1,2-diphenylpyrazolidine-3,5-dione","octanol,water",C1=CC=C(C=C1)N2C(=O)C(C(=O)N2C3=CC=CC=C3)CCS(=O)C4=CC=CC=C4,2.3,10.3390/liquids4010011
sulfometuron-methyl,"methyl 2-[(4,6-dimethylpyrimidin-2-yl)carbamoylsulfamoyl]benzoate","octanol,water",CC1=CC(=NC(=N1)NC(=O)NS(=O)(=O)C2=CC=CC=C2C(=O)OC)C,1.4,10.3390/liquids4010011
sulforidazine,10-[2-(1-methylpiperidin-2-yl)ethyl]-2-methylsulfonylphenothiazine,"octanol,water",CN1CCCCC1CCN2C3=CC=CC=C3SC4=C2C=C(C=C4)S(=O)(=O)C,4.45,10.3390/liquids4010011
sulindac,2-[6-fluoro-2-methyl-3-[(4-methylsulfinylphenyl)methylidene]inden-1-yl]acetic acid,"octanol,water",CC1=C(C2=C(C1=CC3=CC=C(C=C3)S(=O)C)C=CC(=C2)F)CC(=O)O,3.6,10.3390/liquids4010011
tacrolimus,"(1R,9S,12S,13R,14S,17R,18Z,21S,23S,24R,25S,27R)-1,14-dihydroxy-12-[(E)-1-[(1R,3R,4R)-4-hydroxy-3-methoxycyclohexyl]prop-1-en-2-yl]-23,25-dimethoxy-13,19,21,27-tetramethyl-17-prop-2-enyl-11,28-dioxa-4-azatricyclo[22.3.1.04,9]octacos-18-ene-2,3,10,16-tetrone  ","octanol,water",[H]\C(=C(\C)[C@@]1([H])OC(=O)[C@]2([H])CCCCN2C(=O)C(=O)[C@]2(O)O[C@@]([H])([C@]([H])(C[C@@]2([H])C)OC)[C@]([H])(C[C@@]([H])(C)C\C(C)=C([H])/[C@@]([H])(CC=C)C(=O)C[C@]([H])(O)[C@@]1([H])C)OC)[C@]1([H])CC[C@@]([H])(O)[C@@]([H])(C1)OC,3.3,10.1093/nar/gkab1062
tamoxifen,"2-[4-(1,2-diphenylbut-1-enyl)phenoxy]-N,N-dimethylethanamine","octanol,water",CCC(=C(C1=CC=CC=C1)C2=CC=C(C=C2)OCCN(C)C)C3=CC=CC=C3,7.1,10.3390/liquids4010011
tebufenpyrad,N-[(4-tert-butylphenyl)methyl]-4-chloro-5-ethyl-2-methylpyrazole-3-carboxamide,"octanol,water",CCC1=NN(C)C(C(=O)NCC2=CC=C(C=C2)C(C)(C)C)=C1Cl,4.61,10.1186/s12302-025-01072-2
temafloxacin,"1-(2,4-difluorophenyl)-6-fluoro-7-(3-methylpiperazin-1-yl)-4-oxoquinoline-3-carboxylic acid","octanol,water",CC1CN(CCN1)C2=C(C=C3C(=C2)N(C=C(C3=O)C(=O)O)C4=C(C=C(C=C4)F)F)F,-0.2,10.3390/liquids4010011
teniposide,"(5S,5aR,8aR,9R)-5-[[(4aR,6R,7R,8R,8aS)-7,8-dihydroxy-2-thiophen-2-yl-4,4a,6,7,8,8a-hexahydropyrano[3,2-d][1,3]dioxin-6-yl]oxy]-9-(4-hydroxy-3,5-dimethoxyphenyl)-5a,6,8a,9-tetrahydro-5H-[2]benzofuro[6,5-f][1,3]benzodioxol-8-one  ","octanol,water",[H][C@]12COC(=O)[C@]1([H])[C@H](C1=CC(OC)=C(O)C(OC)=C1)C1=CC3=C(OCO3)C=C1[C@H]2O[C@@H]1O[C@]2([H])COC(O[C@@]2([H])[C@H](O)[C@H]1O)C1=CC=CS1,1.5,10.1093/nar/gkab1062
terfenadine,1-(4-tert-butylphenyl)-4-[4-[hydroxy(diphenyl)methyl]piperidin-1-yl]butan-1-ol,"octanol,water",CC(C)(C)C1=CC=C(C=C1)C(CCCN2CCC(CC2)C(C3=CC=CC=C3)(C4=CC=CC=C4)O)O,7.1,10.3390/liquids4010011
tetraphenylmethane,tritylbenzene,"octanol,water",C1=CC=C(C=C1)C(C2=CC=CC=C2)(C3=CC=CC=C3)C4=CC=CC=C4,7.878,10.3390/liquids4010011
thalidomide,"2-(2,6-dioxopiperidin-3-yl)isoindole-1,3-dione  ","water,methanol",C1CC(=O)NC(=O)C1N2C(=O)C3=CC=CC=C3C2=O,1.265,10.1016/j.fluid.2010.07.007
theophylline,"1,3-dimethyl-7H-purine-2,6-dione ","octanol,water",CN1C2=C(NC=N2)C(=O)N(C)C1=O,-0.02,10.1093/nar/gkab1062
thiocysteine,(2S)-2-amino-3-(disulfanyl)propanoic acid  ,"octanol,water",N[C@H](CSS)C(O)=O,-1.917,10.1093/nar/gkab1062
thioridazine,10-[2-(1-methylpiperidin-2-yl)ethyl]-2-methylsulfanylphenothiazine,"octanol,water",CN1CCCCC1CCN2C3=CC=CC=C3SC4=C2C=C(C=C4)SC,5.9,10.3390/liquids4010011
trazodone,"2-[3-[4-(3-chlorophenyl)piperazin-1-yl]propyl]-[1,2,4]triazolo[4,3-a]pyridin-3-one","octanol,water",C1CN(CCN1CCCN2C(=O)N3C=CC=CC3=N2)C4=CC(=CC=C4)Cl,2.9,10.3390/liquids4010011
trazodonehydrochloride,"2-[3-[4-(3-chlorophenyl)piperazin-1-yl]propyl]-[1,2,4]triazolo[4,3-a]pyridin-3-one","toluene,water",Clc1cccc(c1)N4CCN(CCCn3nc2ccccn2c3=O)CC4,3.77,10.1039/D3CP01428B
triamterene,"6-phenylpteridine-2,4,7-triamine  ","octanol,water",NC1=NC(N)=C2N=C(C(N)=NC2=N1)C1=CC=CC=C1,0.98,10.1093/nar/gkab1062
tribenuron-methyl,"methyl 2-[[(4-methoxy-6-methyl-1,3,5-triazin-2-yl)-methylcarbamoyl]sulfamoyl]benzoate","octanol,water",CC1=NC(=NC(=N1)OC)N(C)C(=O)NS(=O)(=O)C2=CC=CC=C2C(=O)OC,1.5,10.3390/liquids4010011
triclosan,"5-chloro-2-(2,4-dichlorophenoxy)phenol","octanol,water",OC1=C(OC2=CC=C(Cl)C=C2Cl)C=CC(Cl)=C1,4.76,10.1186/s12302-025-01072-2
triflumethazine,2-[4-[3-[2-(trifluoromethyl)phenothiazin-10-yl]propyl]piperazin-1-yl]ethanol,"octanol,water",C1CN(CCN1CCCN2C3=CC=CC=C3SC4=C2C=C(C=C4)C(F)(F)F)CCO,4.36,10.3390/liquids4010011
trifluoperazine,10-[3-(4-methylpiperazin-1-yl)propyl]-2-(trifluoromethyl)phenothiazine,"octanol,water",CN1CCN(CC1)CCCN2C3=CC=CC=C3SC4=C2C=C(C=C4)C(F)(F)F,5.03,10.3390/liquids4010011
triflusulfuron-methyl,"methyl 2-[[4-(dimethylamino)-6-(2,2,2-trifluoroethoxy)-1,3,5-triazin-2-yl]carbamoylsulfamoyl]-3-methylbenzoate","octanol,water",CC1=C(C(=CC=C1)C(=O)OC)S(=O)(=O)NC(=O)NC2=NC(=NC(=N2)OCC(F)(F)F)N(C)C,3.4,10.3390/liquids4010011
trimethadione,"3,5,5-trimethyl-1,3-oxazolidine-2,4-dione  ","octanol,water",CN1C(=O)OC(C)(C)C1=O,0,10.1093/nar/gkab1062
trimethoprim,"5-[(3,4,5-trimethoxyphenyl)methyl]pyrimidine-2,4-diamine  ","water,methanol",COC1=CC(=CC(=C1OC)OC)CC2=CN=C(N=C2N)N  ,1.488,10.1016/j.fluid.2010.07.007
trimethoprin,"5-(3,4,5-Trimethoxybenzyl)pyrimidine-2,4-diamine","octanol,water",Nc1nc(N)ncc1Cc(cc2OC)cc(OC)c2OC,0.6,10.1016/j.chroma.2023.464213
trimetrexate,"5-methyl-6-[(3,4,5-trimethoxyanilino)methyl]quinazoline-2,4-diamine","octanol,water",CC1=C(C=CC2=C1C(=NC(=N2)N)N)CNC3=CC(=C(C(=C3)OC)OC)OC,2.55,10.3390/liquids4010011
triphenyl-phosphate,triphenyl phosphate,"octanol,water",O=P(OC1=CC=CC=C1)(OC1=CC=CC=C1)OC1=CC=CC=C1,4.59,10.1186/s12302-025-01072-2
tris-bp,"tris(2,3-dibromopropyl) phosphate","octanol,water",C(C(CBr)Br)OP(=O)(OCC(CBr)Br)OCC(CBr)Br,4.39,10.3390/liquids4010011
tylosin,"2-[(11E,13E)-6-[5-(4,5-dihydroxy-4,6-dimethyloxan-2-yl)oxy-4-(dimethylamino)-3-hydroxy-6-methyloxan-2-yl]oxy-16-ethyl-4-hydroxy-15-[(5-hydroxy-3,4-dimethoxy-6-methyloxan-2-yl)oxymethyl]-5,9,13-trimethyl-2,10-dioxo-1-oxacyclohexadeca-11,13-dien-7-yl]acetaldehyde ","octanol,water",CCC1OC(=O)CC(O)C(C)C(OC2OC(C)C(OC3CC(C)(O)C(O)C(C)O3)C(C2O)N(C)C)C(CC=O)CC(C)C(=O)\C=C\C(\C)=C\C1COC1OC(C)C(O)C(OC)C1OC,1.63,10.1093/nar/gkab1062
valsartan,(2S)-3-methyl-2-[pentanoyl-[[4-[2-(2H-tetrazol-5-yl)phenyl]phenyl]methyl]amino]butanoic acid ,"ethanol,water",CCCCC(=O)N(CC1=CC=C(C=C1)C2=CC=CC=C2C3=NNN=N3)[C@@H](C(C)C)C(=O)O  ,3.63,10.1016/j.fluid.2010.07.007
verapamil,"2-(3,4-dimethoxyphenyl)-5-[2-(3,4-dimethoxyphenyl)ethyl-methylamino]-2-propan-2-ylpentanenitrile  ","octanol,water",COC1=C(OC)C=C(CCN(C)CCCC(C#N)(C(C)C)C2=CC(OC)=C(OC)C=C2)C=C1,3.79,10.1093/nar/gkab1062
vindesine,"methyl (13S,15S,17S)-13-[(1R,9R,10S,11R,12R,19R)-10-carbamoyl-12-ethyl-10,11-dihydroxy-5-methoxy-8-methyl-8,16-diazapentacyclo[10.6.1.01,9.02,7.016,19]nonadeca-2,4,6,13-tetraen-4-yl]-17-ethyl-17-hydroxy-1,11-diazatetracyclo[13.3.1.04,12.05,10]nonadeca-4(12),5,7,9-tetraene-13-carboxylate  ","octanol,water",[H][C@@]12N3CC[C@@]11C4=CC(=C(OC)C=C4N(C)[C@@]1([H])[C@](O)([C@H](O)[C@]2(CC)C=CC3)C(N)=O)[C@]1(C[C@]2([H])CN(C[C@](O)(CC)C2)CCC2=C1NC1=CC=CC=C21)C(=O)OC,2.9,10.1093/nar/gkab1062
vinorelbine,"methyl (1R,9R,10R,11R,12R,19R)-11-acetyloxy-12-ethyl-4-[(12S,14R)-16-ethyl-12-methoxycarbonyl-1,10-diazatetracyclo[12.3.1.03,11.04,9]octadeca-3(11),4,6,8,15-pentaen-12-yl]-10-hydroxy-5-methoxy-8-methyl-8,16-diazapentacyclo[10.6.1.01,9.02,7.016,19]nonadeca-2,4,6,13-tetraene-10-carboxylate  ","octanol,water",[H][C@@]12N(C)C3=CC(OC)=C(C=C3[C@@]11CCN3CC=C[C@@](CC)([C@@H](OC(C)=O)[C@@]2(O)C(=O)OC)[C@@]13[H])[C@]1(C[C@@]2([H])CN(CC(CC)=C2)CC2=C1NC1=CC=CC=C21)C(=O)OC,4,10.1093/nar/gkab1062
warfarin,4-hydroxy-3-(3-oxo-1-phenylbutyl)chromen-2-one,"octanol,water",CC(=O)CC(C1=CC=CC=C1)C1=C(O)C2=CC=CC=C2OC1=O,2.7,10.1186/s12302-025-01072-2
xylitol,"(2S,4R)-pentane-1,2,3,4,5-pentol  ","ethanol,water",C([C@H](C([C@H](CO)O)O)O)O  ,-2,10.1016/j.fluid.2010.07.007
